texto,categoria,grupo
estou com dor de dente,dentista,1
boa tarde estou com dor de dente,dentista,1
estou com dor de dene toda noite,dentista,1
dor de dnete,dentista,2
dor de dente,dentista,2
dor de dente desde ontm,dentista,2
sinto dor de dete,dentista,3
boa tarde sinto dor de dente,dentista,3
sinto dor de dente,dentista,3
meu marido ta com dor de dente,dentista,4
meu marido esta com dor de dente,dentista,4
meu marido ta com dor de dente desde ontem,dentista,4
tenho dor no dente desde ontem,dentista,5
tenho dor no dente toda noite,dentista,5
tenho dor no dente,dentista,5
to com dor no dente,dentista,6
oi to com dor no dente,dentista,6
oi to com dor no dente toda noite,dentista,6
estou com dor no dente,dentista,7
estou com dor no dente desde ontem,dentista,7
estu sentindo dor no dente,dentista,8
to sentindo dor no dente,dentista,8
estou sentindo dor no dente,dentista,8
minha mae ta com dente doendo,dentista,9
boa tarde minha mae ta com dente doendo faz tres dias,dentista,9
minha mae esta com dente doendo,dentista,9
to com dente odendo,dentista,10
estou com dente doendo,dentista,10
to com dente doeendo,dentista,10
acordei com dente doendo,dentista,11
odutor acordei com dente doendo,dentista,11
doutor acordei com dente doendo,dentista,11
dente doendo,dentista,12
dente dooendo,dentista,12
doutor dente doendo faz dias,dentista,12
dor foorte no dente,dentista,13
dor forte no dente,dentista,13
por favor dor forte no dente,dentista,13
to com dor fote no dente,dentista,14
estou com dor forte no dente,dentista,14
to com dor forte no dente faz dias,dentista,14
tenho dor forte no dente desde ontem,dentista,15
tenho dor forte no dentte,dentista,15
tenho dor forte no dente,dentista,15
minha mae ta com dor ofrte no dente,dentista,16
minha mae esta com dor forte no deente,dentista,16
minha mae esta com dor forte no dente,dentista,16
boa tarde minha mae esta com dente latejando toda noite,dentista,17
minha mae esta com dente latejando,dentista,17
minha mae ta com dente latejando desde cedo,dentista,17
dente latejando faz tres dias,dentista,18
dente latejando,dentista,18
por favor dentte latejando,dentista,18
tenho dente latejando toda noite,dentista,19
boa tarde tenho dente latejando,dentista,19
tenho dente latejando,dentista,19
to sentindo dente latejnado,dentista,20
estou sentindo dente latejando,dentista,20
to sentindo dente latejando,dentista,20
minha mae esta com gegiva inflamada desde ontem,dentista,21
oi minha mae esta com gengiva inflamada,dentista,21
minha mae esta com gengiva inflamada,dentista,21
acordei com gengiva iflamada,dentista,22
acordei com gengiva inflamada,dentista,22
acordei com gengiva inflamada toda noite,dentista,22
tenho gengiva inflamada,dentista,23
tenho gengiva inflamada faz dias,dentista,23
tneho gengiva inflamada,dentista,23
meu filho ta com genggiva inflamada faz dias,dentista,24
meu filho esta com gengiva inflamada,dentista,24
meu filho ta com gengiva inflamada,dentista,24
meu marido ta com gengiva sangrando desde cedo,dentista,25
meu marido ta com gengiva sangrando,dentista,25
meu marido esta com gengiva sangrando,dentista,25
sinto gengiva sangrando desde cedo,dentista,26
sinto gengiva sangrando,dentista,26
boa tarde sinto gengiva sangrando,dentista,26
gengiva sangrando,dentista,27
gengiva sangrando desde cedo,dentista,27
genggiva sangrando,dentista,27
por favor acordei com gengiva sanrando desde cedo,dentista,28
boa tarde acordei com gengiiva sangrando faz dias,dentista,28
acordei com gengiva sangrando,dentista,28
to com gengiva inchada,dentista,29
to com gengiva icnhada,dentista,29
to com gengiva nichada,dentista,29
acordei com gnegiva inchada,dentista,30
acordei com gengiva inchada,dentista,30
acodei com gengiva inchada,dentista,30
estou sentindo gengiva inchada faz tres dias,dentista,31
to sentindo gengiva inchada,dentista,31
estou sentindo gengiva inchada,dentista,31
meu marido esta com gengiva innchada desde cedo,dentista,32
meu marido esta com gengiva inchada,dentista,32
meu marido esta com gengiva inchada ha uma semana,dentista,32
to com sangramento na genngiva,dentista,33
to com sangramento na gengiva toda noite,dentista,33
to com sangramento na gengiva,dentista,33
tenho sangrammento na gengiva faz dias,dentista,34
teno sangramento na gengiva,dentista,34
tenho sangramento na gengiva,dentista,34
estou sentindo sangramento na gengiva,dentista,35
boa tarde estou sentindo sangramento na gengiva,dentista,35
estou senitndo sangramento na gengiva,dentista,35
sangraento na gengiva faz tres dias,dentista,36
sangramento na gengiva,dentista,36
por favor sangramento na gengiva,dentista,36
estou com dente quebrado,dentista,37
estou com dente quebrrado,dentista,37
esstou com dente quebrado,dentista,37
acordei com dente quebrado,dentista,38
caordei com dente quebrado toda noite,dentista,38
acordei com dnte quebrado,dentista,38
meu marido ta com dente quebrado desde ontem,dentista,39
meu marido esta com dente quebrado,dentista,39
meu marido ta com dente quebrado,dentista,39
to com dente quebrado,dentista,40
to com dente quebrrado,dentista,40
boa tarde to com dente quebrado,dentista,40
to sentindo dente lascado desde cedo,dentista,41
estou sentindo dente lascado,dentista,41
to sentindo dente lscado,dentista,41
sinto dente lascado faz tres dias,dentista,42
sinto dente lascado desde cedo,dentista,42
sinto dente lascado,dentista,42
dnete lascado,dentista,43
dente lascado,dentista,43
doutor dente lascado desde ontem,dentista,43
meu marido esta com dente lascaado,dentista,44
meu marido esta com dente lascado,dentista,44
boa tarde meu marido ta com dennte lascado,dentista,44
meu filho ta com dente mole,dentista,45
meu filho esta com dente mole,dentista,45
boa tarde meu filho esta com dente mole,dentista,45
oi minha mae ta com dente mole,dentista,46
minha mae esta com dente mole,dentista,46
por favor minha mae esta com dente mole desde cedo,dentista,46
to com dente mole,dentista,47
esttou com dente mole,dentista,47
estou com dente mole,dentista,47
boa tarde tenho dente mole,dentista,48
tenho dente mole,dentista,48
tenho dente mole faz dias,dentista,48
to com dente trincado,dentista,49
doutor estou com dente trincado,dentista,49
estou com dente trincado,dentista,49
minha mae esta com dente trincado,dentista,50
minha mae ta com dente trincado,dentista,50
minha mae ta com dente trincado desde cedo,dentista,50
sinto dente trincado,dentista,51
oi sinto dente trincado,dentista,51
sinto dente trincaado,dentista,51
acordei com dente trincado,dentista,52
acordei com dennte trincado,dentista,52
acordei com detne trincado,dentista,52
meu mraido esta com carie no dente faz dias,dentista,53
meu marido esta com carie no dente,dentista,53
meu marido esta com carie no dente desde ontem,dentista,53
boa tarde to sentindo carie no dente,dentista,54
estou sentindo carie no dente,dentista,54
to sentindo carie no dente ha uma seana,dentista,54
tenho carie no dente,dentista,55
tenho carie no dente ha uma semana,dentista,55
oi tenho carie no dente,dentista,55
boa tarde minha mae ta com carie no dente,dentista,56
minha mae ta com carie no dente,dentista,56
minha mae esta com carie no dente,dentista,56
to com buraco no dente faz tres dias,dentista,57
estou com bruaco no dente,dentista,57
estou com buraco no dente,dentista,57
buraco no dente,dentista,58
doutor buarco no dente desde cedo,dentista,58
doutor buraco no dente,dentista,58
tenho buraco no deente,dentista,59
tenho buarco no dente,dentista,59
tenho buraco no dente,dentista,59
acordei com burco no dente,dentista,60
acordei com buraco no dente desde ontem,dentista,60
acordei com buraco no dente,dentista,60
oi sinto dente furado,dentista,61
sinto dente furado,dentista,61
oi sinto dente furado desde ontem,dentista,61
to com dente furado ha uma semana,dentista,62
estou com dente furado,dentista,62
por favor estou com dente furado ha uma semana,dentista,62
por favor tenho dente furado,dentista,63
tenho dente furado,dentista,63
teho dente furado,dentista,63
acordei com dente fruado,dentista,64
acordei com ednte furado,dentista,64
acordei com dente furado,dentista,64
estou com dente sensivel ao gelado,dentista,65
etsou com dente sensivel ao gelado,dentista,65
doutor estou com dente sensiivel ao gelado,dentista,65
acordei com dente sensivel ao gelado,dentista,66
acordei com dente sensivel ao gelado toda noite,dentista,66
acordei com dente sensivel ao eglado,dentista,66
siinto dente sensivel ao gelado faz dias,dentista,67
sinto dente sensivel ao gelado ha uma semana,dentista,67
sinto dente sensivel ao gelado,dentista,67
por favor tenho dente sensivel ao gelado,dentista,68
tenho dente sensivvel ao gelado,dentista,68
tenho dente sensivel ao gelado,dentista,68
to sentindo sensibilidade nos dentes,dentista,69
estou sentindo sensibilidde nos dentes,dentista,69
estou sentindo sensibilidade nos dentes,dentista,69
doutor to com sensibilidade nos dentes faz tres dias,dentista,70
to com sensibilidade nos dentes,dentista,70
por faovr to com sensibilidade nos dentes,dentista,70
meu marido ta com sensibilidade nos dentes,dentista,71
meu marido ta com sensibilidade nos dentes desde cedo,dentista,71
meu marido esta com sensibilidade nos dentes,dentista,71
minha mae esta com sensibilidade nos dentes,dentista,72
minha mae esta com sensibilidade nos dentes faz tres dias,dentista,72
minha mae ta com sensibilidade nos dentes,dentista,72
tenho dor ao matigar,dentista,73
teho dor ao mastigar,dentista,73
tenho dor ao mastigar,dentista,73
sinto dor ao mastigar ha uma semana,dentista,74
sinto dor ao mastigaar,dentista,74
sinto dor ao mastigar,dentista,74
por favor to com dor ao mastigar,dentista,75
estou com dor ao mastigar,dentista,75
estou com dor ao mastigar desde cedo,dentista,75
minha mae ta com dor ao mastigar ha uma semana,dentista,76
minha mae esta com dor ao mastigar,dentista,76
mina mae ta com dor ao mastigar,dentista,76
oi to com siso nascendo,dentista,77
to com siso nascenddo faz dias,dentista,77
to com siso nascendo,dentista,77
minha mae esta com siso nascendo,dentista,78
minha mae ta com siso nascndo,dentista,78
doutor minha mae esta com siso nascendo,dentista,78
tenho siso nascendo,dentista,79
tnho siso nascendo,dentista,79
tenho siso nascendo faz dias,dentista,79
to com siso nascendo ha uma semaana,dentista,80
estou com siso nascendo,dentista,80
meu filho ta com siso inflamado,dentista,81
meu fillho ta com siso inflamado,dentista,81
meu filho esta com siso inflamado,dentista,81
acordi com siso inflamado,dentista,82
acordei com siso inflamado faz tres dias,dentista,82
acordei com siso inflamado,dentista,82
sinto siso inflamado,dentista,83
sinto siso inflamado ha uma semana,dentista,83
oi sinto siso inflamado,dentista,83
to sentindo siso inflamado desde ontem,dentista,84
to sentindo siso inflamado,dentista,84
estou sentindo siso inflamado,dentista,84
minha mae esta com dente do siso doendo,dentista,85
doutor minha mae esta com dente do siso doendo faz dias,dentista,85
minha mae ta com dente do siso doendo,dentista,85
teenho dente do siso doendo,dentista,86
tenho dente do siso doendo,dentista,86
tenho dente do siso doeendo,dentista,86
estou sentindo dente do siso doendo,dentista,87
to senitndo dente do siso doendo faz tres dias,dentista,87
doutor to sentindo dente do siso doendo,dentista,87
acordeei com dente do siso doendo,dentista,88
acordei com detne do siso doendo,dentista,88
acordei com dente do siso doendo,dentista,88
abscesso no dente,dentista,89
boa tarde abscesso no dente,dentista,89
abscesso no ednte,dentista,89
tenho abscesso no dente,dentista,90
etnho abscesso no dente,dentista,90
tenho abscesso no dente desde ontem,dentista,90
meu marido esta com abscesso no dente,dentista,91
meu maarido ta com abscesso no dente,dentista,91
por favor meu marido ta com abscesso no dente,dentista,91
acordei com abscesso no ednte,dentista,92
acordei com abscesso no dente,dentista,92
acordei com abscesso no dente faz tres dias,dentista,92
por favor to sentindo rosto inchado por causa do dente,dentista,93
to sentindo rosto inchado por causa do dente desde cedo,dentista,93
estou sentindo rosto inchado por causa do dente,dentista,93
acordei com rosto inchado por causa do dente ha uma semana,dentista,94
acordei com rosto inchado por causa do dentte,dentista,94
acordei com rosto inchado por causa do dente,dentista,94
sinto rosto inchado por causa do dente,dentista,95
sinto rsoto inchado por causa do dente,dentista,95
sinto rosto inchdo por causa do dente,dentista,95
rosto innchado por causa do dente faz dias,dentista,96
oi rosto inchado por causa do dente,dentista,96
rosto inchado por causa do dente,dentista,96
tenho canl inflamado,dentista,97
tenho acnal inflamado,dentista,97
tenho canal inflamado,dentista,97
to sentindo canal inflamado,dentista,98
estou sentindo canal inflamado,dentista,98
estou sentindo canal inflamado desde cedo,dentista,98
meu marido esta com canal inflamado,dentista,99
meu marido ta com canal inflamado,dentista,99
meu marido esta com canl inflamado,dentista,99
miha mae ta com canal inflamado,dentista,100
minha mae esta com canal inflamado,dentista,100
minha mae ta com canal inflamado,dentista,100
meu filho esta com restauracao caiu toda noite,dentista,101
meu filho esta com restauracao caiu,dentista,101
doutor meu filho esta com retsauracao caiu faz tres dias,dentista,101
acordeei com restauracao caiu,dentista,102
acordei com restauracao caiu ha uma semana,dentista,102
acordei com restauracao caiu,dentista,102
meu marido ta com restauracao caiu,dentista,103
meu mrido esta com restauracao caiu,dentista,103
meu marido esta com restauracao caiu,dentista,103
to com restauracao caiu,dentista,104
por favor estou com restauracao caiu,dentista,104
estou com restauracao caiu,dentista,104
sinto obturaaco caiu,dentista,105
sinto obturacao caiu,dentista,105
por faor sinto obturacao caiu,dentista,105
to com obturacao caiu,dentista,106
to com obturacao caiu ha uma semnaa,dentista,106
to com obturaacao caiu,dentista,106
tenho obturacao caiu,dentista,107
tenho obturacao caiu ha uma semana,dentista,107
doutor tenho obturacao caiu toda noite,dentista,107
estou sentindo obturacao caiu,dentista,108
estou sentindo obturacao caiu faz tres dias,dentista,108
boa tarde to senitndo obturacao caiu,dentista,108
minha mae esta com apraelho machucando a boca,dentista,109
minha mae esta com aparelho machucando a boca,dentista,109
por favor minha mae esta com aparelho machucando a boca,dentista,109
meu marido ta com aparelho machuucando a boca faz dias,dentista,110
meu marido ta com aparelho machucando a boca desde cedo,dentista,110
meu marido esta com aparelho machucando a boca,dentista,110
sinto aparelho machucando a boca,dentista,111
snito aparelho machucando a boca faz dias,dentista,111
doutor sinto aparelho machucando a boca,dentista,111
to sentindo aparelho machucando a boca,dentista,112
estou sentindo aparelho machucando a boca,dentista,112
oi estou sentindo aparleho machucando a boca,dentista,112
boa tarde meu marido ta com aparelho ortodontico soltou faz dias,dentista,113
meu marido esta com aparelo ortodontico soltou,dentista,113
meu marido esta com aparelho ortodontico soltou,dentista,113
acordei com aparelho ortodonntico soltou,dentista,114
acordei com aparelho ortodontico soltou,dentista,114
acordei com aparleho ortodontico soltou,dentista,114
minnha mae esta com aparelho ortodontico soltou faz tres dias,dentista,115
minha mae esta com apparelho ortodontico soltou,dentista,115
minha mae esta com aparelho ortodontico soltou,dentista,115
to com aparelho ortodontico soltou toda noite,dentista,116
to com aparelho ortodontico soltou faz dias,dentista,116
to com aparelho ortodontico soltou,dentista,116
tenho dentadura machucando,dentista,117
tenho dentadura machucando ha uma semana,dentista,117
tenho dentadura machucanndo,dentista,117
to com dentadura machucaando desde cedo,dentista,118
to com dentaadura machucando,dentista,118
to com dentadura machucando,dentista,118
meu filho ta com dentadura machucando,dentista,119
meu filho esta com dentadura machucando,dentista,119
meu fiho ta com dentadura machucando,dentista,119
dentadura machucando,dentista,120
dentadura machucando toda noite,dentista,120
dentaddura machucando,dentista,120
protese dentara solta,dentista,121
protese dentaria solta,dentista,121
protese dentaria solta faz dias,dentista,121
boa taarde estou com protese dentaria solta,dentista,122
to com protese dentaria solta,dentista,122
estou com protese dentaria solta,dentista,122
to com protese dentaria solta desde cedo,dentista,123
to com protese dentaria solta faz dias,dentista,123
to sentindo protese dentaria oslta,dentista,124
estou sentindo protese dentaria solta,dentista,124
to senitndo protese dentaria solta,dentista,124
to com mau halito forte,dentista,125
to com mau halito fotre faz tres dias,dentista,125
to com mau hallito forte,dentista,125
acordei com mau halito forte desde cedo,dentista,126
por favor acordei com mau halito forte,dentista,126
acordei com mau halito forte,dentista,126
to com mau halio forte desde cedo,dentista,127
estou com mau halito forte,dentista,127
esou com mau halito forte,dentista,127
tenho mau halito fotre,dentista,128
tenho mau halito forte desde cedo,dentista,128
tenho mau halito forte,dentista,128
acordei com tartaro nos dentes desde ontem,dentista,129
oi acordei com tartaro nos dentes,dentista,129
acordei com tartaro nos dentes,dentista,129
meu filho ta com tartaro nos dentes,dentista,130
meu filho esta com tartaro nos dentes,dentista,130
oi meu filho ta com tartaro nos dentees,dentista,130
sinto tartaro nos dentes,dentista,131
oi sinto tartaro nos dentes,dentista,131
por favor sinto tartaro nos dentes,dentista,131
minha mae ta com tartaro nos dentes ha uma semana,dentista,132
minha mae esta com tartaro nos dentes toda noite,dentista,132
minha mae esta com tartaro nos dentes,dentista,132
dente escurecido,dentista,133
por favor dente escurecido faz dias,dentista,133
dente escrecido,dentista,133
to com dente escurecido,dentista,134
estou com dente ecurecido,dentista,134
estou com dente escurecido,dentista,134
oi sinto dente escurecido,dentista,135
sinto dente escurecido toda noite,dentista,135
sinto dente escurecido,dentista,135
acordei com dente escurecido,dentista,136
doutor acordei com dente escrecido,dentista,136
acordei com dente escureecido,dentista,136
estou sentindo dor no dente quando bebo agua gelada,dentista,137
to sentindo dor no dente quando bebo agua gelada desde cedo,dentista,137
boa tarde to sentindo dor no dente quando bebo agua gelada deesde cedo,dentista,137
to com dor no dente quando bebo agua gelada,dentista,138
estou com dor no dente quando bebo agua gelada,dentista,138
oi esstou com dor no dente quando bebo agua gelada,dentista,138
sinto dor no dene quando bebo agua gelada,dentista,139
sinto dor no dente qando bebo agua gelada,dentista,139
sinto dor no dente quando bebo agua gelada,dentista,139
tenho dor no dente quando bebo agua gelada faz tres dias,dentista,140
tenho dor no dente quando bebo agua gelada toda noite,dentista,140
tenho dor no dente quando bebo agua gelada,dentista,140
boa tarde to com dente de leiite mole doendo,dentista,141
to com dente de leite mole doendo,dentista,141
doutor to com dente de leite mole doendo,dentista,141
meu filho ta com dente de leite mole doendo,dentista,142
por favor meu filho ta com dente de leite mole doendo,dentista,142
meu filho esta com dente de leite mole doendo,dentista,142
dente de leite mole doendo,dentista,143
dente de leite mole doendo toda nite,dentista,143
doutor dente de leite mole doenndo,dentista,143
to sentiindo dente de leite mole doendo,dentista,144
to sentindo dente de leite mole doendo,dentista,144
estou sentindo dente de leite mole doendo,dentista,144
sinto dor de dente que nao passa com remedio,dentista,145
oi sinto dor de dente que nao passa com remedio,dentista,145
boa tarde sinto dor de dente que nao passa com rmeedio,dentista,145
minha mae esta com dor de dente que nao passa com remedio,dentista,146
minha mae esta com dor de dente que n passa com remedio desde cedo,dentista,146
minha mae esta com dor de dente que n passa com remedio faz dias,dentista,146
to com dor de dente que nao passa com remedio,dentista,147
to com dor de dente que nao passa com remdeio,dentista,147
to com dor de dente que n passa com remedio,dentista,147
meu marido esta com dor de dente que n apssa com remedio,dentista,148
meu marido esta com dor de dente que nao passa com remedio,dentista,148
meu marido ta com dor de dente que nao passa com remedio,dentista,148
estou com pus na gengiva,dentista,149
estou com pus na gengiiva,dentista,149
to com pus na gengiva,dentista,149
doutor sino pus na gengiva,dentista,150
sinto pus na gengiva,dentista,150
doutor sinto pus na gengiva desde ontem,dentista,150
tenho pus na gengiva desde cedo,dentista,151
tenho pus na gengiva,dentista,151
tenho pus na gengiva desde ontem,dentista,151
boa tarde meu marido ta com pus na gengiva,dentista,152
meu marido ta com pus na gengiva desde ontem,dentista,152
meu marido esta com pus na gengiva,dentista,152
to sentindo bolinha na gengiva,dentista,153
estou sentindo bolinha na gengiva faz dias,dentista,153
estou sentindo bolinha na gengiva,dentista,153
por favor to com bolinha na gengiva,dentista,154
boa tarde to com boliha na gengiva,dentista,154
to com bolinha na gengiva,dentista,154
bollinha na gengiva,dentista,155
bolinha na gengiva,dentista,155
boa tarde bolinha na gengiva,dentista,155
sinto bolinha na gengiva,dentista,156
sinto bolihna na gengiva,dentista,156
sinto bolinha na gengiva toda noite,dentista,156
por favor estou sentindo dor na gengiva perto do siso,dentista,157
to sentindo dor na gengiva perto do siso,dentista,157
estou sentindo dor na gengiva perto do siso,dentista,157
meu filho esta com dor na gengiva perto do siso desde cedo,dentista,158
meu filho esta com dor na gengiva perrto do siso,dentista,158
meu filho esta com dor na gengiva perto do siso,dentista,158
dor na gengiva perto do siso faz tres dias,dentista,159
dor na gengiva perto do siso,dentista,159
dor na gengiva eprto do siso,dentista,159
minha mae esta com dor na geniva perto do siso,dentista,160
minha mae ta com dor na gengiva perto do siso,dentista,160
minha mae esta com dor na gengiva perto do siso,dentista,160
estou sentindo dente amarelado e dolorido,dentista,161
to sentindo dente amarelado e dolorido faz tres dias,dentista,161
to sentindo dente amarelado e dolorido,dentista,161
sinto dente amaelado e dolorido,dentista,162
sinto dente amarelado e dolorido,dentista,162
sinto dente amarelado e dloorido,dentista,162
tenho detne amarelado e dolorido faz dias,dentista,163
tenho dente amarelado e dolorido,dentista,163
tenho dente amarelado e doloriddo,dentista,163
dente amarelado e dolorido,dentista,164
deente amarelado e dolorido,dentista,164
dente amarelado e dolorido ha uma semana,dentista,164
tenho gnegiva retraida,dentista,165
tenho gengiva retraida ha uma semana,dentista,165
tenho gengiva retraida,dentista,165
doutor estou com gengiva retraida,dentista,166
to com gengiva retraida,dentista,166
estou com gengiva retraida,dentista,166
minha mae esta com gengiva retraida toda niote,dentista,167
minha mae esta com gengiva retraida,dentista,167
minha mae ta com gengiva retraida,dentista,167
estou sentindo gengiva retraida,dentista,168
esstou sentindo gengiva retraida,dentista,168
to sentindo gengiva retraida desde cedo,dentista,168
boa tarde preciso fazer limpeza nos dentes,dentista,169
preiso fazer limpeza nos dentes,dentista,169
preciso fazer limpeza nos dentes,dentista,169
quero arrancar um dente,dentista,170
quero arrancar um ednte,dentista,170
quero arrancar um dente desde cedo,dentista,170
oi preciso extrair um dente,dentista,171
preciso extrair um dente,dentista,171
prceiso extrair um dente,dentista,171
preciso fzaer canal,dentista,172
precsio fazer canal,dentista,172
preciso fazer canal,dentista,172
qero consultar um dentista toda noite,dentista,173
qureo consultar um dentista,dentista,173
quero consultar um dentista,dentista,173
avaliacao odontologica toda noite,dentista,174
avaliacao odontologica,dentista,174
avaliaacao odontologica,dentista,174
tratamento dentario faz tres dias,dentista,175
tratamento dentario faz dias,dentista,175
tratamento dentario,dentista,175
quero fazer restauracao,dentista,176
quero fazer restauracao toda noite,dentista,176
por favor quero fazer restauracao,dentista,176
consulta com dentista para meu filho,dentista,177
doutor consulta com dentista para meu filho desde ontem,dentista,177
consulta com dentista pra meu filho,dentista,177
por favor meu bebe de 6 meses tem febre,pediatra,178
meu bebe de 6 meses tem febre,pediatra,178
meu bebe de 6 meeses tem febre,pediatra,178
minha filha de 4 anos ta com febre,pediatra,179
minnha filha de 4 anos ta com febre,pediatra,179
minha filha de 4 anos esta com febre,pediatra,179
meu sobrinho de 3 anos tem febre desde cedo,pediatra,180
meu sobrinho de 3 anos tem febre,pediatra,180
meu sobrinho de 3 anos tem ferbe,pediatra,180
miha bebe ta com febre faz dias,pediatra,181
minha bebe ta com febre,pediatra,181
oi minha bebe ta com febre,pediatra,181
minha crianca ta com febre alta,pediatra,182
minha crianca esta com febre alta,pediatra,182
minha cranca ta com febre alta,pediatra,182
minha bebe acordou com febre alta,pediatra,183
mniha bebe acordou com febre alta ha uma semana,pediatra,183
imnha bebe acordou com febre alta,pediatra,183
minha menina apareceu com febbre alta,pediatra,184
minha menina apareceu com febre alta,pediatra,184
minha menina apareceu com febre alta toda noite,pediatra,184
meu filho pequeno ta com febre alta faz tres dias,pediatra,185
meu filho pequeno ta com febre alta,pediatra,185
meu fillho pequeno ta com febre alta,pediatra,185
minha filha de 4 anos acordou com tosse ha uma semana,pediatra,186
minha filha de 4 anos acordou com tosse,pediatra,186
mniha filha de 4 anos acordou com tosse,pediatra,186
oi meu nenem apareceu com tosse,pediatra,187
meu nenem apareceu com tosse,pediatra,187
meu nenem apareceu com tosse edsde cedo,pediatra,187
doutor o nenem apareceu com tossse,pediatra,188
boa atrde o nenem apareceu com tosse,pediatra,188
o nenem apareceu com tosse,pediatra,188
a crianca anda com tosse,pediatra,189
a crianca anda com tosse dedse cedo,pediatra,189
a crianca anda com tosse faz dias,pediatra,189
o recem nascido esta com tosse com catarro,pediatra,190
o recem nascido esta com tossse com catarro,pediatra,190
o recem nascido ta com tosse com catarro faz tres dias,pediatra,190
oi minha filha de 4 anos ta com tosse com catarro desde cedo,pediatra,191
minha filha de 4 anos ta com tosse com catarro desde cedo,pediatra,191
minha filha de 4 anos ta com tosse com catarro,pediatra,191
meu nenem ta com tosse com catarro desde ontem,pediatra,192
meu nenem ta com tosse com catarro,pediatra,192
meu nenem ta com tosse com catarro faz tres dias,pediatra,192
minha filha tem tosse com catarro,pediatra,193
oi minha filha tem tosse com catarro ha uma semana,pediatra,193
oi minha filha tem tosse com catarro,pediatra,193
minha filha acordou com catarro,pediatra,194
minha filha acordou com catarro faz dias,pediatra,194
oi minha filha acordou com catarro,pediatra,194
meu filho acordou com catarro,pediatra,195
boa tarde meu filho acordou com catarro desde ontem,pediatra,195
doutor meu filho acordou com catarro,pediatra,195
minha bebe anda com cataro,pediatra,196
minha bebe anda com catarro,pediatra,196
doutor minha bebe anda com catarro,pediatra,196
o nenem acorrdou com catarro,pediatra,197
oi o nenem acordou com catarro toda noite,pediatra,197
o nenem acordou com catarro,pediatra,197
minha filha ta com nariz escorrendo toda noite,pediatra,198
minha filha ta com nariz escorrendo,pediatra,198
doutor minha filha ta com nariz escorrendo,pediatra,198
meu menino acordou com nariz escorrendo,pediatra,199
boa tarde meu menino acordou com nariz escorrendo,pediatra,199
doutor meu menino acordou com nariz escorrendo toda noite,pediatra,199
a crianca anda com nariz escorrendo faz tres dias,pediatra,200
a criana anda com nariz escorrendo,pediatra,200
a crianca anda com nariz escorrendo,pediatra,200
mnha crianca acordou com nariz escorrendo,pediatra,201
minha crianca acordou com nariz escorrendo,pediatra,201
minha crrianca acordou com nariz escorrendo faz dias,pediatra,201
meu menino ta com coiza,pediatra,202
meu menino ta com coriza,pediatra,202
meu menino ta com corizza,pediatra,202
meu filho pequeno apaeceu com coriza,pediatra,203
meu filho pequeno apareceu com coriza,pediatra,203
meu filho peqeno apareceu com coriza,pediatra,203
doutor mniha bebe anda com coriza,pediatra,204
minha bebe anda com coriza faz dias,pediatra,204
minha bebe anda com coriza,pediatra,204
boa tarde o nenem apareceu com coriza desde ontem,pediatra,205
o nenem apareceu com coriza,pediatra,205
o nenem apareecu com coriza,pediatra,205
minha bebe ta com diarreia,pediatra,206
miha bebe ta com diarreia,pediatra,206
minnha bebe ta com diarreia,pediatra,206
minha filha ta com diarreia,pediatra,207
minha filha esta com diarreia,pediatra,207
mina filha ta com diarreia,pediatra,207
meu fliho pequeno apareceu com diarreia,pediatra,208
doutor meu fiilho pequeno apareceu com diarreia,pediatra,208
meu filho pequeno apareceu com diarreia,pediatra,208
por favor a crianca ta com diarreia,pediatra,209
a crianca ta com diarreia,pediatra,209
boa tarde a criannca ta com diarreia,pediatra,209
meu bebe de 6 meses apareceu com vomito,pediatra,210
oi meu bebe de 6 meses apareceu com vomito,pediatra,210
meu bebe de 6 meses apareceu com vmito,pediatra,210
boa tarde meu filho de 2 anos anda com vomito,pediatra,211
meu filho de 2 anos anda com ovmito,pediatra,211
meu filho de 2 anos anda com vomito,pediatra,211
meu menino anda com vomito toda noite,pediatra,212
meu menino anda com vomito,pediatra,212
meu menino anda com vomito ha uma semana,pediatra,212
meu bebe ta com vomito,pediatra,213
doutor meu bebe ta com vomito desde ontem,pediatra,213
meu bebe ta com vomto,pediatra,213
meu bebe tem manchas vermelahs na pele,pediatra,214
meu bebe tem manchas vermelhas na pele,pediatra,214
oi meu bebe tem manchas vermlhas na pele,pediatra,214
oi meu filho de 2 anos apareceu com manchas vermelhas na pele,pediatra,215
meu filho de 2 anos apareceu com macnhas vermelhas na pele desde ontem,pediatra,215
meu filho de 2 anos apareceu com manchas vermelhas na pele,pediatra,215
meu filho pequno tem manchas vermelhas na pele,pediatra,216
meu filho pequeno tem manchas vermelhas na pele,pediatra,216
meu filho peqeno tem manchas vermelhas na pele desde cedo,pediatra,216
oi minha filha de 4 anos ta com manchas vermelhas na pele,pediatra,217
minha filha de 4 anos ta com manchas vermelhas na pele ha uma semana,pediatra,217
minha filha de 4 anos ta com manchas vermelhas na pele,pediatra,217
minha filha ta com bolinhas pelo corpo desde cedo,pediatra,218
minha filha ta com bolinhas pelo corpo ha uma semana,pediatra,218
minha filha ta com bolinhas pelo corpo,pediatra,218
por favor minha filha de 4 anos esta com bolinhas pelo corpo,pediatra,219
minha filha de 4 anos esta com bolinhas pelo corpo faz tres dias,pediatra,219
minha filha de 4 anos esta com bolinhas pelo corpo,pediatra,219
minha bebe esta com bolinhas pelo corpo,pediatra,220
minha bebe ta com boinhas pelo corpo,pediatra,220
minha bebe ta com bolinhas pelo corpo,pediatra,220
oi minha crianca esta com bolinhas pelo corpo toda noite,pediatra,221
minha crianca esta com bolinhas pelo corrpo faz tres dias,pediatra,221
minha crianca esta com bolinhas pelo corpo,pediatra,221
minha iflha de 4 anos anda com catapora faz tres dias,pediatra,222
minnha filha de 4 anos anda com catapora,pediatra,222
minha filha de 4 anos anda com catapora,pediatra,222
meu filho apareceu com catapora,pediatra,223
meu filho aparecu com catapora faz tres dias,pediatra,223
por favor meu filho apareceu com catapora,pediatra,223
boa tarde minha filha apareceu com catapora desde ontem,pediatra,224
minha filha apareceu com catapora,pediatra,224
minha filha apareeu com catapora,pediatra,224
meu filho de 2 anos apareceu com catapora,pediatra,225
por favor meu filho de 2 anos apareceu com catapora,pediatra,225
meu filho de 2 anos apareceu com catapoora faz tres dias,pediatra,225
meu filho esta com assadura,pediatra,226
meu filho esta com assaudra,pediatra,226
meu iflho ta com assadura desde ontem,pediatra,226
boa tarde minha menina ta com assadura,pediatra,227
minha menina ta com assadura,pediatra,227
minha menina esta com assadura,pediatra,227
o nenem ta com assadura,pediatra,228
o nneem ta com assadura ha uma semana,pediatra,228
o nenem esta com assadura,pediatra,228
meu nenem ta com assadura,pediatra,229
meu nenem ta com assadura toda niote,pediatra,229
oi meu nenem ta com assadura,pediatra,229
por favor o nenem anda com dor de ouido,pediatra,230
o nenem anda com dor de ouivdo,pediatra,230
o nenem anda com dor de ouvido,pediatra,230
boa tarde minha crianca esta com dor de ouvido,pediatra,231
minha crianca esta com dor de ouvido,pediatra,231
minha crianca ta com dor de ouvido,pediatra,231
meu filho ta com dor de ouido,pediatra,232
meu iflho ta com dor de ouvido,pediatra,232
meu filho esta com dor de ouvido,pediatra,232
minha bebe acordou com dor de ouvido faz dias,pediatra,233
minha bebe acordou com dor de ouvido faz tres dias,pediatra,233
minha bebe acordou com dor de ouvido,pediatra,233
minha bebe apareceu com dor de barrriga,pediatra,234
minha bebe apareecu com dor de barriga ha uma semana,pediatra,234
minha bebe apareceu com dor de barriga,pediatra,234
meu filho acordou com dor de barriga,pediatra,235
meu filho acordou com dor de barriiga ha uma semana,pediatra,235
meu filho acordou com dor de barria faz tres dias,pediatra,235
oi minha menina acordou com dor de barriga faz tres dias,pediatra,236
minha menina acordou com dor de barriga,pediatra,236
minha meninna acordou com dor de barriga,pediatra,236
doutor meu filho de 2 anos ta com dor de barriga,pediatra,237
meu filho de 2 anos ta com dor de barriga,pediatra,237
meu filho de 2 anos esta com dor de barriga,pediatra,237
boa tarde minha crianca anda com colica,pediatra,238
mnha crianca anda com colica,pediatra,238
minha crianca anda com colica,pediatra,238
o recem nascido ta com colica,pediatra,239
o recem nascido ta com oclica,pediatra,239
o recem nascdio ta com colica,pediatra,239
meu filho de 2 anos ta com colica faz dias,pediatra,240
meu filho de 2 anos ta com colica,pediatra,240
boa tarde meu filho de 2 anos ta com colica,pediatra,240
meu filho anda com colica toda noitte,pediatra,241
meu filho anda com colica,pediatra,241
meu filho anda com colia,pediatra,241
meu menino tem garganta inflamada desde cedo,pediatra,242
meu menino tem garganta inflamada toda noite,pediatra,242
meu menino tem garganta inflamada,pediatra,242
minha filha de 4 anos tem garganta inflamada,pediatra,243
minha filha de 4 anos tem garganta infamada,pediatra,243
mniha filha de 4 anos tem garganta inflamada,pediatra,243
por favor meu filho tem garganta inflaamda,pediatra,244
boa tarde meu filho tem garganta inflamada,pediatra,244
meu filho tem garganta inflamada,pediatra,244
meu bebe ta com garganta inflamada,pediatra,245
meu bebe ta com garganta inflamada desde ontem,pediatra,245
meu bebe ta com garganta infflamada,pediatra,245
minha menina acordou com piolho,pediatra,246
mina menina acordou com piolho faz tres dias,pediatra,246
minha menina acordou com piolho desde cedo,pediatra,246
minha filha de 4 anos ta com piolho,pediatra,247
minha fila de 4 anos ta com piolho toda noite,pediatra,247
minha filha de 4 anos esta com piolho,pediatra,247
meu filhho de 2 anos esta com piolho,pediatra,248
doutor meu filho de 2 anos ta com piolho,pediatra,248
meu filho de 2 anos esta com piolho,pediatra,248
meu menino anda com piolho,pediatra,249
doutor meu menino anda com piolho,pediatra,249
doutor meu menino anda com piolho desde ontem,pediatra,249
minha crianca apareceu com lombriga,pediatra,250
minha crianca apareceu com lombria,pediatra,250
minha crianca apareceu com lombriga ha uma semana,pediatra,250
meu filho tem lombriga,pediatra,251
doutor meu fillho tem lombriga ha uma semana,pediatra,251
meu fliho tem lombriga,pediatra,251
meu iflho de 2 anos ta com lombriga,pediatra,252
meu fihlo de 2 anos ta com lombriga,pediatra,252
meu filho de 2 anos ta com lombriga,pediatra,252
minha filha apareceu com lombriga,pediatra,253
minha filha apareceu com lomrbiga,pediatra,253
minha filha apareceu com lombriga toda noite,pediatra,253
por favor meu bebe anda com alergia na pele,pediatra,254
meu bebe anda com alergia na pele,pediatra,254
meu bebe anda com alergia na pele desde ontem,pediatra,254
meu filho de 2 anos acordou com alergia na pele ha uma semana,pediatra,255
por favor meu filho de 2 anos acoordou com alergia na pele,pediatra,255
meu filho de 2 anos acordou com alergia na pele,pediatra,255
minha crianca tem alergia na pele,pediatra,256
minha crianca tem alergia na pele toda noite,pediatra,256
boa tarde minha crianca tem alergia na pele,pediatra,256
meu bebe de 6 meses acodrou com alergia na pele,pediatra,257
por favor meu bebe de 6 meses acordou com alergia na pele ha uma semana,pediatra,257
meu bebe de 6 meses acordou com alergia na pele,pediatra,257
meu bebe de 6 meses anda com brotoeja,pediatra,258
por favor meu bebe de 6 meses anda com brotoeja ha uma semana,pediatra,258
meu bebe de 6 meses anda com brotoeja ha uma semana,pediatra,258
o nenem acordou com brotoeja desde ontem,pediatra,259
o neem acordou com brotoeja,pediatra,259
o nenem acordou com brotoeja,pediatra,259
oi minha mnina anda com brotoeja,pediatra,260
minha menina anda com brotoeja desde cedo,pediatra,260
minha menina anda com brotoeja,pediatra,260
doutor meu menino ta com brtoeja,pediatra,261
meu menino ta com brotoeja,pediatra,261
por favor meu menino ta com brotoeja,pediatra,261
meu bebe esta com chiado no peito,pediatra,262
meu bebe ta com chiado no peito,pediatra,262
meu bebe esta com chiado no epito,pediatra,262
a crianca anda com chiado no peito,pediatra,263
a crianca anda com chiado no peito faz dias,pediatra,263
doutor a crianca anda com chiado no peito toda noite,pediatra,263
minha menina ta com chiado no peito,pediatra,264
minha menina esta com chiado no pieto,pediatra,264
minha menina esta com chiado no peito,pediatra,264
minha filha acordou com chiado no petio,pediatra,265
minha filha acordou com chiado no peito,pediatra,265
minha filha acordou com chiado no peito desde cedo,pediatra,265
doutor meu bebe de 6 meses ta com olho vermelho faz dias,pediatra,266
meu bebe de 6 meses ta com olho vermelho,pediatra,266
doutor meu bebe de 6 meses ta com olho vermelho,pediatra,266
minha crianca ta com olho vermelho desde ontem,pediatra,267
minha crianca esta com olho vermelho,pediatra,267
oi minha crianca ta com olho vermelho,pediatra,267
minha menina ta com olho vermelho faz tres dias,pediatra,268
minha menina ta com olho vermelho,pediatra,268
minha emnina ta com olho vermelho,pediatra,268
minha filha apareceu com olho vermelho,pediatra,269
minha filha apareceu com olho vermelho desde ontem,pediatra,269
mihna filha apareceu com olho vermelho,pediatra,269
minha filha de 4 anos apareceu com conjuntivite faz dias,pediatra,270
minha filha de 4 anos apareceu com conjuntivite,pediatra,270
por favor minha filha de 4 anos apareceu com conjuntivite,pediatra,270
meu nenem esta com conjuntivite,pediatra,271
douotr meu nenem ta com conjuntivite,pediatra,271
meu nenem ta com conjunivite,pediatra,271
meu mnino ta com conjuntivite,pediatra,272
meu menio ta com conjuntivite,pediatra,272
meu menino ta com conjuntivite,pediatra,272
minha crianca tem conjuntivite,pediatra,273
minha crianca tem conjuntivite toda noite,pediatra,273
boa trade minha crianca tem conjuntivite,pediatra,273
oi minha crianca ta com pouco apetite toda nooite,pediatra,274
minha criancca ta com pouco apetite faz dias,pediatra,274
minha crianca ta com pouco apetite,pediatra,274
por favor a crianca ta com pouco apetite toda noite,pediatra,275
doutor a crianca ta com pouco apetite,pediatra,275
a crianca ta com pouco apetite,pediatra,275
boa tarde meu filho pequeno tem pouco apetite,pediatra,276
meu filho pequeno tem pouco aptite,pediatra,276
meu filho pequeno tem pouco apetite,pediatra,276
meu flho anda com pouco apetite ha uma semana,pediatra,277
meu filho anda com pouco apetite faz tres dias,pediatra,277
meu filho anda com pouco apetite,pediatra,277
meu bebe de 6 meses apareeu com muita moleza,pediatra,278
meu bebe de 6 meses apareceu com muita moleza,pediatra,278
meu bebe de 6 meses aparceeu com muita moleza,pediatra,278
doutor o nenem paareceu com muita moleza,pediatra,279
o nenem apareceu com muita moleza,pediatra,279
o nenem apareceu com muita molza,pediatra,279
minhha menina anda com muita moleza,pediatra,280
por favor minha menna anda com muita moleza,pediatra,280
minha menina anda com muita moleza,pediatra,280
meu bebe tem muita moleza toda noie,pediatra,281
meu bebe tem muita moleza,pediatra,281
boa tarde meu bebe tem muita moleza,pediatra,281
meu nenem acorrdou com ranho,pediatra,282
meu nenem acordou com ranho desde cedo,pediatra,282
meu nenem acordou com ranho,pediatra,282
por favor minha menina tem ranho,pediatra,283
boa tarde minha menina tem ranho,pediatra,283
minha menina tem ranho,pediatra,283
minha filha anda com ranho faz tres dias,pediatra,284
minha fihla anda com ranho,pediatra,284
minha filha anda com ranho,pediatra,284
minha crianca ta com ranho,pediatra,285
minha crianca ta com ranho desde cedo,pediatra,285
por favor minha crianca ta com ranho,pediatra,285
meu sobrinho de 3 anos ta com gripe,pediatra,286
por favor meu sobrinho de 3 anos ta com gripe,pediatra,286
por afvor meu sobrinho de 3 anos ta com gripe,pediatra,286
doutor meu bebe tem gripe,pediatra,287
meu bebe tem gripe,pediatra,287
meu bebe tem grpie faz dias,pediatra,287
minha bebe ta com gripe,pediatra,288
miinha bebe ta com gripe faz tres dias,pediatra,288
minha bebe ta com gripe faz tres dias,pediatra,288
o nenem esta com gripe,pediatra,289
o neneem esta com gripe,pediatra,289
o nenem esta com gripe desde cedo,pediatra,289
meu sobrinho de 3 anos ta com resfriado ha uma semana,pediatra,290
meu sobrinho de 3 anos ta com resffriado,pediatra,290
meu sobrinho de 3 anos ta com resfriado,pediatra,290
meu bebe ta com resfriado,pediatra,291
doutor meu bebe ta com resfriado ha uma semana,pediatra,291
meu bebe ta com resfriaado toda noite,pediatra,291
a crianca anda com resfriado desde cedo,pediatra,292
a crianca anda com resfriado,pediatra,292
por favor a crianca anda com rsefriado,pediatra,292
por favvor minha menina apareceu com resfriado,pediatra,293
minha mnina apareceu com resfriado faz tres dias,pediatra,293
minha menina apareceu com resfriado,pediatra,293
a crianca esta com sapinho na boca,pediatra,294
doutor a crianca esta com sapinho na boca,pediatra,294
a criaca ta com sapinho na boca,pediatra,294
o nenem esta com sapinho na boca,pediatra,295
o nenem ta com sapinho na boca,pediatra,295
o nenem esta com sapinho na boca faz dias,pediatra,295
oi minha crianca ta com sapinho na boca,pediatra,296
minha crianca ta com sapinho na boca desde ontem,pediatra,296
minha crianca ta com sapinho na boca,pediatra,296
meu sobriinho de 3 anos tem sapinho na boca,pediatra,297
meu sobrinho de 3 anos tem sapinho na boca,pediatra,297
meu sobrinho de 3 anos tem sapinnho na boca,pediatra,297
meu ennem anda com caxumba,pediatra,298
meu nenem anda com caxumba toda noite,pediatra,298
meu nenem anda com caxumba,pediatra,298
minha crianca esta com cxaumba desde ontem,pediatra,299
minha crianca esta com caxumba,pediatra,299
minha crianca ta com caxumba,pediatra,299
minha bebe anda com caxumba faz dias,pediatra,300
boa tarde minha bebe anda com caxumba,pediatra,300
minha bebe anda com caxumba,pediatra,300
meu menino apareceu com caxumba toda noite,pediatra,301
meu menino apareceu com caxumba,pediatra,301
meu menino apareceu com caaxumba,pediatra,301
oi mnha crianca anda com dor de garganta,pediatra,302
minha crianca anda com dor de garganta faz dias,pediatra,302
minha crianca anda com dor de garganta,pediatra,302
minha menina anda com dor de garganta faz dias,pediatra,303
minha menina anda com dor de garganta,pediatra,303
minha menina anda com dor de gagranta,pediatra,303
minha bebe ta com dor de garganta,pediatra,304
mnha bebe ta com dor de garganta,pediatra,304
minha bebe ta com dor de gaganta,pediatra,304
a crianca ta com dor de garganta faz tres dias,pediatra,305
a crianca ta com dor de gargatna,pediatra,305
a crianca ta com dor de garganta,pediatra,305
meu filho pequeno apareceu com virose desde ontem,pediatra,306
meu filho pequeno apraeceu com virose faz dias,pediatra,306
meu filho pequeno apareceu com virose,pediatra,306
oi minha crianca anda com virose,pediatra,307
minha crianca anda com virose,pediatra,307
minha crianca anda com viroose,pediatra,307
o recem nascido ta com virose desde ontem,pediatra,308
o recem nascido ta com virosse,pediatra,308
o recem nascido ta com virose,pediatra,308
minha filha de 4 anos apareceu com virose,pediatra,309
minnha filha de 4 anos apareceu com virose,pediatra,309
por favor minha filha de 4 anos apareceu com virose,pediatra,309
meu bebe de 6 meses ta com febre e tosse,pediatra,310
meu bebe de 6 meeses ta com febre e tosse,pediatra,310
meu bebe de 6 meses ta com febbre e tosse,pediatra,310
minha filha acordou com febre e tossse toda noite,pediatra,311
minha filha acordou com febre e tosse,pediatra,311
boa tarde minha filha acordou com fbere e tosse,pediatra,311
o recem nascido anda com febre e tosse,pediatra,312
doutor o recem nascido anda com febre e tosse,pediatra,312
o recem nascido anda com febre e otsse,pediatra,312
boa tarde minha menina apareceu com febre e tosse desde ontem,pediatra,313
minha menina apareceu com febre e tosse toda noite,pediatra,313
minha menina apareceu com febre e tosse,pediatra,313
oi minha menina ta com diarreia e vomito,pediatra,314
minha menina esta com diarreia e vomito,pediatra,314
minha menina ta com diarreia e vomito,pediatra,314
meu filho apareceu com diarreia e vomito,pediatra,315
meu filho apareceu com diarreia e vomito faz dias,pediatra,315
meu filho apareceu com diarreia e vomito toda noite,pediatra,315
o nenem tem diarreia e vomito,pediatra,316
o nenem tem diarreia e vomito faz tres dias,pediatra,316
doutor o nenem tem diarreia e vomito faz tres dias,pediatra,316
meu bebe de 6 meses acodou com diarreia e vomito,pediatra,317
meu bebe de 6 meses acordou com diarreia e vomito ha uma semana,pediatra,317
meu bebe de 6 meses acordou com diarreia e vomito,pediatra,317
doutor meu bebe n quer mamar,pediatra,318
meu bebe nao quer mamar,pediatra,318
meu bebe n quer maamar,pediatra,318
o bebe chora sem parar,pediatra,319
o bebe chora sem paarr faz dias,pediatra,319
boa tarde o bebe chora sem parar,pediatra,319
minha filha n quer comer nada,pediatra,320
minha filha nao quer comer nada,pediatra,320
minha filha n quer commer nada,pediatra,320
consulta de rotina do bebe,pediatra,321
consulta de rotina do bebe desde cedo,pediatra,321
consulta de rtoina do bebe,pediatra,321
oi acompanhamneto do crescimento do meu filho desde cedo,pediatra,322
acompanhamento do crescimento do meu filho faz dias,pediatra,322
acompanhamento do crescimento do meu filho,pediatra,322
pesar e medir o bebe,pediatra,323
pesr e medir o bebe,pediatra,323
pesar e mdeir o bebe faz dias,pediatra,323
puericultura do recem nascido toda noite,pediatra,324
boa tarde puericultura do recem nascido,pediatra,324
puericultura do recem nascido,pediatra,324
as vacinas da crianca estao atrasadas,pediatra,325
boa tarde as vacinas da crianca estao atrasadas,pediatra,325
as vacinas da criaca estao atrasadas,pediatra,325
teste do pezinho,pediatra,326
tese do pezinho,pediatra,326
oi teste do pezinho,pediatra,326
meu filho n ta ganhando peso,pediatra,327
meu filho nao ta ganhando peso,pediatra,327
meu filho nao esta ganhando peso,pediatra,327
o nenem esta vomitando depois de mamar toda noite,pediatra,328
o nenem esta vomitando depois de mamar,pediatra,328
o nenem ta vomitando depois de mamar,pediatra,328
oi meu filho reclama de dor na barriga toda manha,pediatra,329
meu filho reclama de dor na barriga toda manha,pediatra,329
meu fiilho reclama de dor na barriga toda manha,pediatra,329
minha filha coca muito a cabeca faz dias,pediatra,330
minha filha coca mt a caabeca,pediatra,330
minha filha coca muito a cabeca,pediatra,330
o bebe esta com o umbigo vermelho,pediatra,331
duotor o bebe ta com o umbigo vermelho faz tres dias,pediatra,331
o bebe ta com o umbigo vermelho,pediatra,331
boa tarde meu filho molha a cama a noite,pediatra,332
meu filho molha a cama a nite ha uma semana,pediatra,332
meu filho molha a cama a noite,pediatra,332
preciso de pediatra para meu filho,pediatra,333
preciso de pediatra para meu filho toda niote,pediatra,333
preciso de pediatra pra meu filho,pediatra,333
consulta com pediatra faz tres dias,pediatra,334
consulta com pediatra toda noite,pediatra,334
consulta com pediatra,pediatra,334
minha crianca vive gripada,pediatra,335
minha crianca vive girpada,pediatra,335
boa tarde minha crianca vive gripada,pediatra,335
o bebe dorme demais e esta molinho,pediatra,336
o bebe dorme edmais e esta molinho,pediatra,336
o bebe dorme demais e ta molinho,pediatra,336
meu filho tem bronquite,pediatra,337
meu fiho tem bronquite faz tres dias,pediatra,337
meu filho tem bornquite faz dias,pediatra,337
minha mae esta com febre,clinico,338
minha mae ta com febre,clinico,338
oi to com febre,clinico,339
estou com febre,clinico,339
estou senttindo febre,clinico,340
estou sentindo febre,clinico,340
meu pai esta com febre toda noite,clinico,341
meu pai esta com febre,clinico,341
sinto gripe,clinico,342
snto gripe,clinico,342
estou com gripe,clinico,343
to com gripe ha uma semana,clinico,343
oi gripe,clinico,344
gripe,clinico,344
meu irmao ta com gripe,clinico,345
meu irmao esta com gripe,clinico,345
to com refriado,clinico,346
estou com resfriado,clinico,346
minha esposa esta com resfriado,clinico,347
minha esposa esta com resfriado desde cedo,clinico,347
oi meu pai ta com resfriado,clinico,348
meu pai esta com resfriado,clinico,348
sinto resfriado,clinico,349
oi sinto resfriado ha uma smeana,clinico,349
minha avo esta com tosse seca,clinico,350
minha avo ta com tosse seca ha uma semana,clinico,350
estou sentindo tosse seca,clinico,351
to sentindo toosse seca faz dias,clinico,351
tosse seca toda noite,clinico,352
tosse seca,clinico,352
oi meu irmao ta com tosse seca,clinico,353
meu irmao esta com tosse seca,clinico,353
to com tosse com catarro,clinico,354
to com tosse com catarro desde cedo,clinico,354
minha mae esta com tosse com catarro,clinico,355
por favor minha mae ta com tosse com catarro,clinico,355
meu irmao esta com tosse com catarro,clinico,356
oi meu irmao esta com tosse com catarro,clinico,356
oi tosse com catarro toda noite,clinico,357
tosse com catarro,clinico,357
faz dias que to com dor de garganta,clinico,358
faz dias que estou com dor de garganta,clinico,358
dor de garganta,clinico,359
dor de gargnata faz tres dias,clinico,359
minha mae esta com dor de garganta,clinico,360
minha mae ta com dor de garrganta,clinico,360
acodrei com dor de garganta,clinico,361
acordei com dor de garganta,clinico,361
sinto garganta inflamada,clinico,362
sinto garganta inflamada faz tres dias,clinico,362
to com gargannta inflamada,clinico,363
to com garganta inflamada,clinico,363
meu pai esta com garganta inflamada,clinico,364
meu pai esta com garganta infalmada ha uma semana,clinico,364
tenho garganta inflamada,clinico,365
por favor tenho garganta inflamada toda noite,clinico,365
faz dias que to com nariz entupido,clinico,366
faz dias que estou com nariz entupido,clinico,366
acordei com nariz entupido,clinico,367
por favor acordei com nariz entupido faz dias,clinico,367
minha esposa esta com nariz entupido,clinico,368
minha esposa ta com nariz entupido,clinico,368
oi nariz entupido desde cedo,clinico,369
nariz entupido,clinico,369
meu mraido ta com sinusite faz tres dias,clinico,370
meu marido esta com sinusite,clinico,370
meu pai esta com sinusite desde cedo,clinico,371
meu pai esta com sinusite,clinico,371
por fvor minha avo esta com sinusite,clinico,372
minha avo esta com sinusite,clinico,372
estou sentindo sinusite,clinico,373
estou sentindo sinusite toda noite,clinico,373
estou sentindo dor de cabeca,clinico,374
por favor estou sentindo dor de cabeca,clinico,374
acordei com dor de cabeca,clinico,375
acordei com dor de cabca faz tres dias,clinico,375
doutor meu irmao ta com dor de cabeca,clinico,376
meu irmao esta com dor de cabeca,clinico,376
meu pai ta com dor de cabeca desde ontem,clinico,377
meu pai esta com dor de cabeca,clinico,377
minhha avo ta com enxaqueca,clinico,378
minha avo esta com enxaqueca,clinico,378
faz dias que estou com exaqueca faz dias,clinico,379
faz dias que estou com enxaqueca,clinico,379
meu irmao ta com enxaqueca,clinico,380
meu irmao esta com enxaqueca,clinico,380
estou com enxaqueca,clinico,381
estou com enxaqueca faz tres dias,clinico,381
meu marido esta com dor no corpo,clinico,382
meu marido esta com dor no coorpo desde cedo,clinico,382
eu to com dor no corpo,clinico,383
eu estou com dor no corpo,clinico,383
dor no corpo faz dias,clinico,384
dor no corpo,clinico,384
acordei com dor no corpo,clinico,385
por favor acordei com dor no corpo,clinico,385
meu pai ta com dor nas costas,clinico,386
meu pai esta com dor nas costas,clinico,386
oi meu irmao ta com dor nas costas,clinico,387
meu irmao esta com dor nas costas,clinico,387
minha avo esta com dor nas costs,clinico,388
minha avo esta com dor nas costas,clinico,388
estou sentindo dor nas costas,clinico,389
to sentindo dor nas costas,clinico,389
to com dor lombar,clinico,390
estou com dor lombar,clinico,390
minha esposa esta com dor lombar,clinico,391
minha esposa ta com dor lombar,clinico,391
meu marido ta com dor lombar,clinico,392
meu marido esta com dor lombar,clinico,392
tenho dor lombar,clinico,393
tenho dor lombar faz tres dias,clinico,393
tenho dor na coluna,clinico,394
tenho dor na colua,clinico,394
minha mae ta com dor na coluna,clinico,395
minha mae esta com dor na coluna,clinico,395
sinto dor na coluna,clinico,396
oi sinto dor na coluna,clinico,396
acordei com dor na clouna,clinico,397
acordei com dor na coluna,clinico,397
por favor dor de barriga,clinico,398
dor de barriga,clinico,398
minha mae esta com dor de barriga,clinico,399
minha mae ta com dor de barriga ha uma semana,clinico,399
meu irmo esta com dor de barriga toda noite,clinico,400
meu irmao esta com dor de barriga,clinico,400
estou com dor de barriga,clinico,401
to com dor de barriga,clinico,401
tenho diarreia,clinico,402
doutor tenho dirreia ha uma semana,clinico,402
meu marido esta com diarreia,clinico,403
doutor meu marido ta com diarreia,clinico,403
faz dias que to com diarrreia,clinico,404
faz dias que estou com diarreia,clinico,404
por favor estou com diarreia faz dias,clinico,405
estou com diarreia,clinico,405
meu irmao ta com vomito faz tres dias,clinico,406
meu irmao esta com vomito,clinico,406
estou sentindo vomito,clinico,407
to senitndo vomito,clinico,407
minha avo esta com vomito toda noite,clinico,408
minha avo esta com vomito,clinico,408
sinto vomito,clinico,409
sinto vomito faz tres dias,clinico,409
minha mae esta com enjoo,clinico,410
imnha mae esta com enjoo,clinico,410
eu estou com enjoo faz tres dias,clinico,411
eu estou com enjoo,clinico,411
to com enjoo,clinico,412
to com enjo,clinico,412
meu marido esta com enjoo,clinico,413
meu marido ta com enjoo,clinico,413
azia,clinico,414
azia ha uma semana,clinico,414
acorddei com azia faz dias,clinico,415
acordei com azia,clinico,415
minha mae esta com azia,clinico,416
minha mae ta com azia,clinico,416
doutor eu estou com azia,clinico,417
eu estou com azia,clinico,417
sinto gastrite,clinico,418
sinto gatrite desde cedo,clinico,418
meu pai esta com gastrite,clinico,419
oi meu pai ta com gastrite,clinico,419
acordei com gastrite desde cedo,clinico,420
acordei com gastrite,clinico,420
to com gastrite,clinico,421
estou com gastrite,clinico,421
boa tarde minha mae esta com queimacao no estomago desdde cedo,clinico,422
minha mae esta com queimacao no estomago,clinico,422
oi meu pai ta com qeimacao no estomago faz tres dias,clinico,423
meu pai esta com queimacao no estomago,clinico,423
oi tenho queimaaco no estomago,clinico,424
tenho queimacao no estomago,clinico,424
to sentindo queimacao no estomago,clinico,425
estou sentindo queimacao no estomago,clinico,425
to com ardencia ao urinar,clinico,426
estou com ardencia ao urinar,clinico,426
minha mae esta com ardencia ao urinar,clinico,427
minha mae esta com ardencia ao urinar toda noite,clinico,427
estou sentindo ardencia ao urinar,clinico,428
to sentindo ardencia ao urinar desde cedo,clinico,428
meu pai esta com ardencia ao urinar,clinico,429
meu pai esta com ardencia ao urinar faz dias,clinico,429
eu to com inffeccao urinaria,clinico,430
eu estou com infeccao urinaria,clinico,430
to com infeccao urinaria,clinico,431
to com infeccao urinaria dese ontem,clinico,431
nifeccao urinaria faz tres dias,clinico,432
infeccao urinaria,clinico,432
faz dias que estou com infeccao urinaria,clinico,433
oi faz dias que to com infeccao urinaria,clinico,433
dor ao fazer xixi,clinico,434
dor ao fazer xixi faz dias,clinico,434
meu pai esta com dor ao fazer xixi,clinico,435
meu pai ta com dor ao fazer xixi,clinico,435
minha esposa ta com dor ao fazer xixi desde ontem,clinico,436
minha esposa esta com dor ao fazer xixi,clinico,436
eu to com dor ao fazer xixi faz tres dias,clinico,437
eu estou com dor ao fazer xixi,clinico,437
to sentindo tontura,clinico,438
estou sentindo tontura,clinico,438
oi acordei com tontura,clinico,439
acordei com tontura,clinico,439
doutor to com tontura,clinico,440
estou com tontura,clinico,440
boa tarde meu marido esta com tontura,clinico,441
meu marido esta com tontura,clinico,441
minha mae esta com cansaco,clinico,442
oi minha mae ta com cansaco faz dias,clinico,442
sinto cansaco,clinico,443
sinnto cansaco,clinico,443
estou sentindo cannsaco faz tres dias,clinico,444
estou sentindo cansaco,clinico,444
meu marido esta com cansaco,clinico,445
meu marido esta com cansaco desde ontem,clinico,445
meu irmao ta com fraqueza,clinico,446
meu irmao esta com fraqueza,clinico,446
minha avo esta com fraqueza,clinico,447
doutor minha avo esta com farqueza faz tres dias,clinico,447
to setnindo fraqueza,clinico,448
estou sentindo fraqueza,clinico,448
fraqueza,clinico,449
frqueza,clinico,449
insonia,clinico,450
insoia,clinico,450
tnho insonia,clinico,451
tenho insonia,clinico,451
faz dias que estou com insonia,clinico,452
faz dias que to com insonia,clinico,452
meu irmao ta com insonia,clinico,453
meu irmao esta com insonia,clinico,453
minha avo esta com dor no joelho,clinico,454
por favor minha avo esta com dor no joelho,clinico,454
oi meu pai esta com dor no joelho,clinico,455
meu pai esta com dor no joelho,clinico,455
dor no jolho,clinico,456
dor no joelho,clinico,456
acordei com dor no joeho,clinico,457
acordei com dor no joelho,clinico,457
estou com dor no ombro,clinico,458
por favor estou com dor no ombro desde cedo,clinico,458
eu estou com dor no ombro,clinico,459
eu to com dor no ombro,clinico,459
boa tarde imnha avo esta com dor no ombro,clinico,460
minha avo esta com dor no ombro,clinico,460
boa tarde minha mae esta com dor no ombro,clinico,461
minha mae esta com dor no ombro,clinico,461
minha mae ta com dor muscular desde ontem,clinico,462
minha mae esta com dor muscular,clinico,462
meu marido ta com dor muscular faz dias,clinico,463
meu marido esta com dor muscular,clinico,463
to sentindo dor muscular,clinico,464
estou sentindo dor muscular,clinico,464
faz dias que estou com dor muscular,clinico,465
faz dias que to com dor msucular,clinico,465
meu irmao ta com alergia faz dias,clinico,466
meu irmao esta com alergia,clinico,466
faz dias que to com alegria,clinico,467
faz dias que estou com alergia,clinico,467
meu marido esta com alergia,clinico,468
meu marido ta com alergia toda noite,clinico,468
por favor to com alergia,clinico,469
to com alergia,clinico,469
meu pai esta com coceira no corpo,clinico,470
meu pai esta com coceira no copro,clinico,470
mina esposa esta com coceira no corpo,clinico,471
minha esposa esta com coceira no corpo,clinico,471
eu estou com coceira no corpo,clinico,472
oi eu estou com coceirra no corpo,clinico,472
to com coceira no corpo,clinico,473
estou com coceira no corpo,clinico,473
micose,clinico,474
por favor miocse,clinico,474
meu pai esta com micose,clinico,475
meu pai esta com mcose faz dias,clinico,475
to com micoe faz dias,clinico,476
to com micose,clinico,476
estou sentindo micose,clinico,477
to sentindo micose,clinico,477
minha mae ta com unha encravada,clinico,478
minha mae esta com unha encravada,clinico,478
unha encravada,clinico,479
unha enravada,clinico,479
estou sentindo unha encravada,clinico,480
oi estou sentindo unha encravda,clinico,480
minha esposa esta com unha encravada,clinico,481
minha esposa ta com unha encraavada,clinico,481
dor de ovido faz tres dias,clinico,482
dor de ouvido,clinico,482
eu to com dor de ouvido desde cedo,clinico,483
eu estou com dor de ouvido,clinico,483
meu pai esta com dor de ouvido faz dias,clinico,484
meu pai esta com dor de ouvido,clinico,484
minha mae esta com dor de ouvido,clinico,485
por favor minha mae ta com dor de ouvido,clinico,485
to com conjuntivite,clinico,486
to com conjuntviite,clinico,486
conjuntivite faz dias,clinico,487
conjuntivite,clinico,487
faz dias que estou com conjuntivite,clinico,488
faz dias que to com conujntivite,clinico,488
minha mae ta com conjuntivite,clinico,489
minha mae esta com conjuntivite,clinico,489
glicose alta,clinico,490
glcose alta,clinico,490
sinto glicose alta desde cedo,clinico,491
sinto glicose alta,clinico,491
oi minha avo ta com glicose alta,clinico,492
minha avo esta com glicose alta,clinico,492
estou com glicose alta,clinico,493
to com glicose alta toda noite,clinico,493
estou sentindo anemia,clinico,494
oi to sentindo anemia,clinico,494
minha esposa ta com anemia,clinico,495
minha esposa esta com anemia,clinico,495
to com aemia,clinico,496
to com anemia,clinico,496
meu irmao esta com anemia,clinico,497
meu irmao ta com aenmia,clinico,497
estou com prisao de ventre,clinico,498
to com prisao de ventre faz dias,clinico,498
meu irmao ta com prisao de ventre,clinico,499
meu irmao esta com prisao de ventre,clinico,499
oi faz dias que to com prisao de ventre,clinico,500
faz dias que estou com prisao de ventre,clinico,500
minha avo esta com prisao de ventre,clinico,501
minha avo ta com prisao de ventre,clinico,501
estou sentindo hemorroida,clinico,502
to sentindo hemorroida,clinico,502
minha esposa esta com hemorroida,clinico,503
minha esposa ta com hemorroida,clinico,503
minha avo esta com hemorroida desdde cedo,clinico,504
minha avo esta com hemorroida,clinico,504
meu irmao esta com hemorroida,clinico,505
meu irmao ta com hemorroida,clinico,505
eu to com dor nas junts,clinico,506
eu estou com dor nas juntas,clinico,506
estou com dor nas juntas,clinico,507
to com dor nas juntas,clinico,507
minha avo esta com dor nas juntas desde ontem,clinico,508
minha avo esta com dor nas juntas,clinico,508
faz dias que to com dor nas juntas,clinico,509
faz dias que estou com dor nas juntas,clinico,509
acordei com febre e dor no corpo desde ontem,clinico,510
acordei com febre e dor no corpo,clinico,510
tenho febre e dor no corpo,clinico,511
tehno febre e dor no corpo,clinico,511
imnha avo esta com febre e dor no corpo,clinico,512
minha avo esta com febre e dor no corpo,clinico,512
meu pai esta com febre e dor no corpo,clinico,513
meu pai ta com febre e dor no corppo,clinico,513
minnha mae ta com mal estar ha uma semana,clinico,514
minha mae esta com mal estar,clinico,514
acordei com mal estar faz dias,clinico,515
acordei com mal estar,clinico,515
tenho mal estar,clinico,516
tenho mal estar ha uma semana,clinico,516
estou com mal estar,clinico,517
to com mal estar,clinico,517
minha mae esta com dor no pe,clinico,518
minha mae ta com dor no pe,clinico,518
minha esposa ta com dor no pe,clinico,519
minha esposa esta com dor no pe,clinico,519
meu marido ta com dor no pe,clinico,520
meu marido esta com dor no pe,clinico,520
to com dor no pe,clinico,521
doutor to com dor no pe,clinico,521
por favor tenho espinha inflamada faz tres dias,clinico,522
tenho espinha inflamada,clinico,522
meu irmao ta com espinha inflamada desdde cedo,clinico,523
meu irmao esta com espinha inflamada,clinico,523
minha avo esta com espinha inflamada,clinico,524
minha avo ta com epinha inflamada,clinico,524
eu estou com espinha inflamada,clinico,525
eu to com espinha inflamada,clinico,525
minha avo esta com virose,clinico,526
por favor minha avo ta com virse,clinico,526
virose desde cedo,clinico,527
virose,clinico,527
minha esposa esta com virose,clinico,528
minha esposa ta com virose,clinico,528
to com virose,clinico,529
por favor to com virose,clinico,529
tenho tosse que nao passa,clinico,530
tenho tosse que n passa,clinico,530
boa tarde to com tosse que n passa,clinico,531
estou com tosse que nao passa,clinico,531
meu irmao esta com tosse que nao passa,clinico,532
meu irmao ta com tosse que nao passa,clinico,532
snito tosse que n passa,clinico,533
sinto tosse que nao passa,clinico,533
to com catarro no peito faz dias,clinico,534
to com catarro no peito,clinico,534
minha avo ta com catarro no peito toda noite,clinico,535
minha avo esta com catarro no peito,clinico,535
doutor acordei com cataarro no peito,clinico,536
acordei com catarro no peito,clinico,536
faz dias que to com catarro no peito,clinico,537
faz dias que estou com catarro no peito,clinico,537
doutor meu pai ta com dor no punho,clinico,538
meu pai esta com dor no punho,clinico,538
tenho dor no punho,clinico,539
tennho dor no punho ha uma semana,clinico,539
meu marido ta com dor no punho,clinico,540
meu marido esta com dor no punho,clinico,540
to com dor no punho,clinico,541
to com dor no punho desde cedo,clinico,541
estou senitndo labirintite toda noite,clinico,542
estou sentindo labirintite,clinico,542
eu estou com labirintite,clinico,543
eu to com labriintite toda noite,clinico,543
minha esposa esta com labirintite,clinico,544
minha esposa ta com labirintite,clinico,544
doutor labirintite,clinico,545
labirintite,clinico,545
to com rinite,clinico,546
to com riite,clinico,546
estou com rinite,clinico,547
esou com rinite,clinico,547
minha avo esta com rinite,clinico,548
minha avo esta com rinite desde cedo,clinico,548
minha mae ta com rinie,clinico,549
minha mae esta com rinite,clinico,549
prceiso renovar minha receita,clinico,550
preciso renovar minha receita,clinico,550
quero pedir exame de sangue,clinico,551
quero pdeir exame de sangue,clinico,551
quero fzaer um check up toda noite,clinico,552
quero fazer um check up,clinico,552
exame de rotina,clinico,553
oi exame de rotina,clinico,553
preciso de atestado meedico,clinico,554
preciso de atestado medico,clinico,554
consulta de roitna,clinico,555
consulta de rotina,clinico,555
oi preciso de encaminhamento pra especialista ha uma semana,clinico,556
preciso de encaminhamento para especialista,clinico,556
oi quero mostrar resultado de exame,clinico,557
quero mostrar resultado de exame,clinico,557
preciso de receita do remedio de diabettes,clinico,558
preciso de receita do remedio de diabetes,clinico,558
quero consultar com clinico geral ha uma semana,clinico,559
quero consultar com clinico geral,clinico,559
tenho diabetes e preciso de acompanhamento,clinico,560
tenho diabetes e prciso de acompanhamento,clinico,560
meu remedio de tireoide acabou,clinico,561
meu remedio de tireodie acabou,clinico,561
quero fazer exmae de urina desde cedo,clinico,562
quero fazer exame de urina,clinico,562
preciso trocar meu remedio,clinico,563
preciso trocar meu rmeedio,clinico,563
quero avaliar minha saude em geal,clinico,564
quero avaliar minha saude em geral,clinico,564
estou me sentindo fraco e sem energia,clinico,565
estou me sentindo fraaco e sem energia,clinico,565
oi estou emagrecendo sem moivo,clinico,566
estou emagrecendo sem motivo,clinico,566
boa tarde machuquei o pe jogando bola,clinico,567
machuquei o pe jogando bola,clinico,567
boa tarde torci o tornozelo,clinico,568
torci o tornozelo,clinico,568
por favor cortei o dedo e ta inflamado,clinico,569
cortei o dedo e esta inflamado,clinico,569
fui picado por inseto e inchou,clinico,570
por favor fui picado por inseto e incchou,clinico,570
esotu com a imunidade baixa,clinico,571
estou com a imunidade baixa,clinico,571
oi estou tendo pressao alta,cardio,572
por favor to teendo pressao alta,cardio,572
estou tendo pressao alta,cardio,572
esstou tendo pressao alta,cardio,572
tenho pessao alta,cardio,573
tenho pessao alta faz dias,cardio,573
tenho pressao alta,cardio,573
doutor tenho pressao alta faz tres dias,cardio,573
faz tmpo que tenho pressao alta,cardio,574
faz tempo que tenho pressao alta,cardio,574
boa tarde faz tempo que tenho pressao alta,cardio,574
oi faz tempo que tenho pressao alta ha uma semana,cardio,574
meu pai tem pressaao alta,cardio,575
meu pai tem pressao alta desde cedo,cardio,575
meu pai tem pressao alta,cardio,575
meu pai tem presao alta,cardio,575
tenho hipertensao,cardio,576
tenho hipertensao toda noite,cardio,576
tenho hipertensao desde cedo,cardio,576
tenho hiperrtensao desde cedo,cardio,576
faz tempo que tennho hipertensao faz tres dias,cardio,577
faz tempo que tenho hipertenaso,cardio,577
faz tempo que tenho hipertensao,cardio,577
por favor faz tepmo que tenho hipertensao faz tres dias,cardio,577
boa tarde hipertensao faz dias,cardio,578
hipertesnao,cardio,578
hipertensao,cardio,578
hipertesao,cardio,578
estou tendo hipertensao,cardio,579
to tendo hipertensao desde cedo,cardio,579
boa tarde to tendo hipertensao,cardio,579
to tendo hipertensao,cardio,579
meu avo tem prressao descontrolada faz dias,cardio,580
por favor meu avo tem pressao descontrolada,cardio,580
meu avo tem prsesao descontrolada toda noite,cardio,580
meu avo tem pressao descontrolada,cardio,580
minha mae tem pressao descontrolada desde ontem,cardio,581
minha mae tem pressao descontrolada desde cedo,cardio,581
minha mae tem pressao descontrolada,cardio,581
minha mae tem pressao descnotrolada,cardio,581
tenho pressao descontrolada,cardio,582
por favor tenho pressao descontrolada,cardio,582
oi tenho pressao descontrolada faz tres dias,cardio,582
oi tenho pressao descontrolada,cardio,582
faz tepmo que tenho pressao descontrolada toda noite,cardio,583
faz tempo que tenho pressao descontrolada faz dias,cardio,583
boa tarde faz tempo que tenho pressao descontrolada,cardio,583
faz tempo que tenho pressao descontrolada,cardio,583
to com preessao subindo toda hora,cardio,584
to com pressao subinndo toda hora ha uma semana,cardio,584
estou com pressao subindo toda hora,cardio,584
to com pressao subinndo toda hora,cardio,584
pressao subindo toda hora toda noite,cardio,585
pressao suindo toda hora,cardio,585
pressao subindo toda hora,cardio,585
presso subindo toda hora,cardio,585
estou tendo pressao subindo toda hora desde cedo,cardio,586
to tendo pressao subindo toda hora,cardio,586
estou tendo pressao subindo toda hora,cardio,586
to tedo pressao subindo toda hora,cardio,586
ando com presssao subindo toda hora,cardio,587
ando com pressao subindo toda hora,cardio,587
ando com pressao subindo toda hora desde ontem,cardio,587
boa tade ando com pressao subindo toda hora,cardio,587
doutor meu pai tem colesterol alto,cardio,588
meu pai tem colesterol alto,cardio,588
por favor meu pai tem colseterol alto,cardio,588
meu pai tem colesterol alto ha uma semana,cardio,588
meu avo tem colesterol alto,cardio,589
meu avo tem colestrol alto,cardio,589
oi meu avo tem colesterol alto,cardio,589
oi meu avo tem coesterol alto,cardio,589
tenho colessterol alto desde ontem,cardio,590
tenho colesterol alto,cardio,590
tehno colesterol alto,cardio,590
tneho colesterol alto,cardio,590
coolesterol alto,cardio,591
oi collesterol alto,cardio,591
colesterol alto,cardio,591
colesterol alto faz dias,cardio,591
triglicerides alto faz tres dias,cardio,592
triglicerides alto,cardio,592
triglicerides alto faz dias,cardio,592
oi triglicerides alto,cardio,592
boa tarde ando com triglicerides alto,cardio,593
ando com triglicerides alto toda noite,cardio,593
ando com trigliecrides alto,cardio,593
ando com triglicerides alto,cardio,593
faz tempo que tenho triglicerides alto faz dias,cardio,594
faz tempo que tenho triglicerides alto desde cedo,cardio,594
faz tempo que tenho triglicerides alto,cardio,594
faz tempo que tenho triglicerids alto,cardio,594
oi to com tiglicerides alto,cardio,595
estou com triglicerides alto,cardio,595
doutor estou com triglicerides alto,cardio,595
estou com trigglicerides alto,cardio,595
meu avo tem palpitcaao,cardio,596
meu avo tem palpitacao,cardio,596
meu avo tem palpitacao edsde cedo,cardio,596
meu avo tem palppitacao,cardio,596
faz tempo que tenho palpitacao desde cedo,cardio,597
oi faz tempo que tenho palpitacao,cardio,597
faz tempo que tenho palpitacao,cardio,597
faz tepo que tenho palpitacao,cardio,597
por favor tenho palpitacao desde ontem,cardio,598
tehno palpitacao,cardio,598
tenho palpitacao desde ontem,cardio,598
tenho palpitacao,cardio,598
meu pai tem palpitacao ha uma semana,cardio,599
boa tarde meu pai tem palpitacao ha uma semana,cardio,599
doutor meu pai tem palpitacao,cardio,599
meu pai tem palpitacao,cardio,599
meu avo tem coracao acelerado,cardio,600
por favor meu avo tem coracao acelerado ha uma semana,cardio,600
meu avo tem coracao acelerado desde cedo,cardio,600
oi meu avo tem coracao acelerado,cardio,600
boa tarde sinto coracao acelerado,cardio,601
boa tarde sinto coracao acelerado desde ontem,cardio,601
sinto coracao acelerado,cardio,601
sinto coracao acelerado faz dias,cardio,601
coracao aceleerado,cardio,602
coracao acelerado,cardio,602
oi coracao acelerado faz dias,cardio,602
cracao acelerado,cardio,602
doutor ando com coracao acelerado,cardio,603
ando com cooracao acelerado,cardio,603
por favor ando com coracao acelerado ha uma semana,cardio,603
ando com coracao acelerado,cardio,603
meu avo tem coracao disparando as vezes faz tres dias,cardio,604
meu avo tem coracao idsparando as vezes,cardio,604
meu avo tem coracao disparando as vezes,cardio,604
boa tarde meu avo tem coracao disparando as vezes,cardio,604
estou tendo coraao disparando as vezes faz dias,cardio,605
estou tendo coracao disparando as vezes desde ontem,cardio,605
estou tendo coracao disparando as vezes,cardio,605
estoou tendo coracao disparando as vezes,cardio,605
boa tarde faz tempo que tenho coracao disparando as vezes,cardio,606
faz tempo que etnho coracao disparando as vezes,cardio,606
por favor faz tempo que tenho coracao disparando as vezes,cardio,606
faz tempo que tenho coracao disparando as vezes,cardio,606
meu pai tem coracao disarando as vezes,cardio,607
meu pai tem coracao disparando as evzes,cardio,607
por favor meu pai tem coracao disparando as vezes,cardio,607
meu pai tem coracao disparando as vezes,cardio,607
faz tempo que tennho batedeira no coracao,cardio,608
oi faz teempo que tenho batedeira no coracao,cardio,608
faz tempo que tenho batedeira no coracao,cardio,608
faz tempo que tenho batedeira no coarcao,cardio,608
tenho batedeira no coraaco,cardio,609
tenho batediera no coracao,cardio,609
tenho batedeira no coracao,cardio,609
tehno batedeira no coracao,cardio,609
minha mae tem batedeirra no coracao,cardio,610
minhha mae tem batedeira no coracao,cardio,610
douttor minha mae tem batedeira no coracao,cardio,610
minha mae tem batedeira no coracao,cardio,610
to tedo batedeira no coracao,cardio,611
estou tendo batedeira no coracao,cardio,611
boa tarde to tendo batedeira no coracao faz tres dias,cardio,611
to tendo batedeira no coracao,cardio,611
arritmia ha uma semana,cardio,612
oi arritmia faz tres dias,cardio,612
arritmia desde otnem,cardio,612
arritmia,cardio,612
boa tarde to tendo arritmia,cardio,613
estou tendo arritmia,cardio,613
to tendo arritmia,cardio,613
boa tarde estou etndo arritmia,cardio,613
minha mae tem arritmia dedse cedo,cardio,614
minha mae tem arritmia,cardio,614
minha mae tem arritima faz dias,cardio,614
imnha mae tem arritmia,cardio,614
meu pai tem arritmia toda noite,cardio,615
meu pai tem arritmia,cardio,615
boa tarde meu pai tem arritmia,cardio,615
meu pai tem arritma faz tres dias,cardio,615
isnto coracao batendo fora do ritmo,cardio,616
sinto coracao batendo fora do ritmo,cardio,616
oi sinto coracao batendo fora do rimto,cardio,616
sinto coracao batendo fora do ritmo faz dias,cardio,616
tenho coracao batendo fora do ritmo toda noite,cardio,617
tenho coracao batendo fora do ritmo,cardio,617
oi tenho coracao batendo fora do ritmo,cardio,617
teho coracao batendo fora do ritmo,cardio,617
ando com coracao batendo fora do ritmo,cardio,618
boa tarde ando com coracao batendo fora do ritmo faz tres dias,cardio,618
ando com coracao bateendo fora do ritmo,cardio,618
ando com coracao batendo fora do irtmo,cardio,618
coracao batendo fora do ritmo,cardio,619
boa tarde coraao batendo fora do ritmo,cardio,619
coracao bateendo fora do ritmo faz tres dias,cardio,619
oi coracao batendo fora do ritmo,cardio,619
faz tempo que tenho cansao ao subir escada,cardio,620
faz tempo que tenho cansaco ao subir escada faz dias,cardio,620
boa tarde faz tempo que tenho cansaco ao sbir escada desde ontem,cardio,620
faz tempo que tenho cansaco ao subir escada,cardio,620
tenho cansaco ao subir escada,cardio,621
tenho cansaco ao suubir escada,cardio,621
tenho cansaco ao subir escada ha uma semana,cardio,621
tenho cansaco ao subir esscada faz dias,cardio,621
sinto cansco ao subir escada,cardio,622
boa tarde sinto cansaco ao subir escada,cardio,622
sitno cansaco ao subir escada desde cedo,cardio,622
sinto cansaco ao subir escada,cardio,622
meu pai tem casaco ao subir escada,cardio,623
meu pai tem cansaco ao subir escada faz tres dias,cardio,623
por faor meu pai tem cansaco ao subir escada faz dias,cardio,623
meu pai tem cansaco ao subir escada,cardio,623
oi to com fatla de ar quando faco esforco,cardio,624
estou com falta de ar quando faco esforco,cardio,624
estou com falta de ar quando faco esforco ha uma semana,cardio,624
to com falta de ar quando faco esforco,cardio,624
ando com falta de ar quando faco esforco,cardio,625
oi ando com falta de ar quando faco esforcco,cardio,625
oi ando com falta de ar quando faco esorco,cardio,625
boa atrde ando com falta de ar quando faco esforco,cardio,625
boa tarde meu pai tem falta de ar quanndo faco esforco,cardio,626
meu pai tem falta de ar quando faco esforco faz tres dias,cardio,626
meu pai tem falta de ar quando faco esforco,cardio,626
meu pai tem falta de ar quando faco esforco dedse cedo,cardio,626
faz tempo que tnho falta de ar quando faco esforco,cardio,627
oi faz tempo que tenho falta de ar quando faco esforco,cardio,627
faz tempo que tenhho falta de ar quando faco esforco,cardio,627
faz tempo que tenho falta de ar quando faco esforco,cardio,627
meu avo tem inchaco nos pes e tornozelos,cardio,628
meu avo tem inchaco nos pes e tornozelos faz tres dias,cardio,628
meu avo tem inchaco nos pes e tornozzelos,cardio,628
meu avo tem incaco nos pes e tornozelos,cardio,628
estou tendo inchaco nos pes e tornozelos ha uma semana,cardio,629
estou tendo inchaco nos pes e tornozelos,cardio,629
to tendo inchaco nos pes e tornozelos,cardio,629
doutor to tendo inchaco nos pes e tornozelos,cardio,629
boa tarde ando com inchaco nos pes e tornoozelos,cardio,630
ando com inchaco nos pes e toronzelos,cardio,630
ando com inchaco nos pes e tornozelos,cardio,630
doutor ando com inchaaco nos pes e tornozelos desde cedo,cardio,630
oi tenho inchaco nos pes e tornozelos,cardio,631
tenho inchaco nos pes e tornozelos faz dias,cardio,631
tenho inchaco nos pes e tornozelos,cardio,631
doutor tenho inchaco nos pes e tornozelos,cardio,631
sinto pernas inchadas no fim do dia desde ontem,cardio,632
sinto pernas inchadas no fim do dia,cardio,632
siinto pernas inchadas no fim do dia,cardio,632
boa tare sinto pernas inchadas no fim do dia toda noite,cardio,632
doutor to com pernas inchadas no fim do dia,cardio,633
to com pernas inchadas no fim do dia,cardio,633
estou com pernas inchadas no fim do dia,cardio,633
etsou com pernas inchadas no fim do dia,cardio,633
pernas inchaads no fim do dia faz tres dias,cardio,634
pernas inchadas no fim do dia,cardio,634
doutor pernas inchadas no fim do dia,cardio,634
doutor prnas inchadas no fim do dia desde cedo,cardio,634
to teno pernas inchadas no fim do dia,cardio,635
estou tendo pernas inchadas no fim do dia,cardio,635
estou tendo pernas inchadas no fim do dia faz dias,cardio,635
estou tendo prenas inchadas no fim do dia,cardio,635
esou com sopro no coracao desde cedo,cardio,636
estou com sopro no coracao,cardio,636
boa tarde estou com sopro no coracao,cardio,636
boa tarde to com sopro no coracao,cardio,636
meu pai tem ospro no coracao,cardio,637
meu pai tem sopro no corcao,cardio,637
meu pai tem sopro no coracao,cardio,637
meu pai tem sporo no coracao,cardio,637
meu avo tem spro no coracao,cardio,638
meu avo tem sopro no corcao,cardio,638
meu avo tem sopro no coracao,cardio,638
meu avo tem sopro no coacao,cardio,638
ando com sopo no coracao,cardio,639
ando com sopro no coracao toda noite,cardio,639
ando com sopro no coracao,cardio,639
boa tarde ando com sopro no coracao,cardio,639
minha mae tem dor leve no peito quando faco esforco,cardio,640
minha mae tem dor leve no peito quando faco esforco desde cedo,cardio,640
boa tarde minha mae tem dor leve no peito quando faco esforco toda noite,cardio,640
minha mae tem dor leve no peito quando faco esforco desde ontem,cardio,640
meu pai tem dor leve no peito quano faco esforco,cardio,641
meu pai tem dor leve no peito quando faco esforco,cardio,641
oi meu pai tem dor leve no peito quando faco esforco,cardio,641
meu pai tem dor leve no peito quando faco efsorco ha uma semana,cardio,641
estou com dor leve no peito quando faco esforco ha uma semana,cardio,642
to com dor leve no peito quando faco esforo,cardio,642
estou com dor leve no peito quando faco esforco,cardio,642
to com dor leve no peito quando faco esforco,cardio,642
tenho dor leve no peito quando faco esforco desde cedo,cardio,643
tenho dor leve no peito quando faco esfroco,cardio,643
tenho dor leve no peito quando faco esforo,cardio,643
tenho dor leve no peito quando faco esforco,cardio,643
estou tendo aperto leve no peito quando caminho rapido,cardio,644
estou tendo aperto leve no peito quando caminho rapido desde ontem,cardio,644
estou tendo aperto leve no peito quando caminho rapido ha uma semana,cardio,644
to tendo aperto leve no peito quando caminho rapido,cardio,644
meu pai tem apeerto leve no peito quando caminho rapido,cardio,645
meu pai tem aperto leve no peito qundo caminho rapido,cardio,645
meu pai tem aperto leve no peito quando caminho rapido,cardio,645
boa tarde meu pai tem aperto leve no peito quando caminho rapido,cardio,645
por favor minha mae tem aperto leve no peito quando caminho rapido,cardio,646
por favor minha mae tem aperto leve no peito quando caminnho rapido,cardio,646
minha mae tem aperto leve no peito quando caminho rapido,cardio,646
boa tarde minha mae tem aperto leve no peito quando caminho rapido,cardio,646
estou com aperto leve no peito quando caminho arpido,cardio,647
estou com aperto leve no peito quando caminho rapido desde ontem,cardio,647
oi to com aperto leve no peito quando caminho rapido,cardio,647
estou com aperto leve no peito quando caminho rapido,cardio,647
por favor minha mae tem coracao grande ha uma semana,cardio,648
mina mae tem coracao grande,cardio,648
minha mae tem coracao grande ha uma semana,cardio,648
minha mae tem coracao grande,cardio,648
cracao grande,cardio,649
coracao grande,cardio,649
coracao grande desde ontem,cardio,649
boa tarde coracao grande faz dias,cardio,649
estou com coracao grande,cardio,650
estou com coracao grandde,cardio,650
boa tarde to com coracao grande faz tres dias,cardio,650
to com coracao grande,cardio,650
ando com coarcao grande,cardio,651
ando com coraao grande,cardio,651
ando com coracao grande,cardio,651
boa tarde ando com coracao grande desde ontem,cardio,651
sinto insuficiencia cardiaca,cardio,652
sinto innsuficiencia cardiaca,cardio,652
sinto insuficiiencia cardiaca,cardio,652
sinnto insuficiencia cardiaca,cardio,652
oi ando com insuficiencia cardiaca,cardio,653
ando com insuficiencia cardiaca,cardio,653
ando com insuficiencia cardiaaca,cardio,653
doutor ando com insuficiencia cardiaca desde cedo,cardio,653
insuficiencia cardiaca,cardio,654
insuficiencia cradiaca desde cedo,cardio,654
insuficiencia cardiaca desde cedo,cardio,654
boa tarde insuficinecia cardiaca,cardio,654
faz tempo que tenho insuficiencia cardiaca toda noite,cardio,655
faz teempo que tenho insuficiencia cardiaca,cardio,655
por favor faz tempo que tenho insuficiencia cardiaca,cardio,655
faz tempo que tenho insuficiencia cardiaca,cardio,655
minha mae tem presao alta mesmo tomando remedio,cardio,656
minha mae tem pressao alta mesmo tomando remedio desde cedo,cardio,656
boa tarde minha mae tem pressao alta mesmo tomando remedio,cardio,656
minha mae tem pressao alta mesmo tomando remedio,cardio,656
sinto pressao alta mesmo tomano remedio,cardio,657
sinto pressao alta mesmo tomando remedio,cardio,657
snito pressao alta mesmo tomando remedio,cardio,657
doutor sinto pressao alta memo tomando remedio,cardio,657
ando com pressao alta mesmo tomaando remedio,cardio,658
ando com perssao alta mesmo tomando remedio,cardio,658
ando com pressao alta mesmo tomando remedio,cardio,658
boa tarde ando com pressao alta mesmo tomando remedio,cardio,658
faz tempo que tenho pressao alta mesmo tomando remedio,cardio,659
faz tempo que teenho pressao alta mesmo tomando remedio ha uma semana,cardio,659
oi faz tempo que tenho pressao alta mesmo tomando remedio,cardio,659
faz tempo que tenho pressao alta mesmo tomndo remedio,cardio,659
sinto tontura quando a pressao sobe,cardio,660
doutor sinto tontura quando a pressao sobe desde ontem,cardio,660
sinto tonttura quando a pressao sobe,cardio,660
sinto tontura quando a pressao sobe faz dias,cardio,660
tenho otntura quando a pressao sobe,cardio,661
tenho tontura quando a pressao sobe ha uma semana,cardio,661
tenho tontura quando a pressao sobe,cardio,661
boa tarde tenho tontura quando a pressao sobe toda noite,cardio,661
minha mae tem tontura quando a pressao sobe,cardio,662
minnha mae tem tontura quando a pressao sobe,cardio,662
minha mae tem tontura quando a pressao sobe faz tres dias,cardio,662
minha mae tem tontura quando a pressao sobe ha uma semana,cardio,662
doutor ando com tonturra quando a pressao sobe,cardio,663
ando com tontura quando a presso sobe,cardio,663
ando com totnura quando a pressao sobe desde cedo,cardio,663
ando com tontura quando a pressao sobe,cardio,663
por favor quero fazer eletrocardiograma,cardio,664
por favor qero fazer eletrocardiograma,cardio,664
quero fazer eletrocardiograma,cardio,664
oi quero fazer eletrocardiograma desde cedo,cardio,664
por favor preciso fazer ecocardiograma,cardio,665
preciso fazer ecocardiograma,cardio,665
preciso fazer ecocardiograma ha uma semana,cardio,665
peciso fazer ecocardiograma,cardio,665
quero fazer teste ergometrico,cardio,666
quero fazer teste ergometriico toda noite,cardio,666
quero fazer teste ergometrico ha uma semana,cardio,666
quero fazer etste ergometrico,cardio,666
tenho historico de infarto na familia,cardio,667
oi tenho historico de infarto na familia faz tres dias,cardio,667
tenho historico de infarto na familia toda noite,cardio,667
tenho historico de infarto na fmilia,cardio,667
ja tive infarto e preciso de acompanhamento,cardio,668
doutor ja tive infarto e preciso de acompanhamento,cardio,668
ja tive infarto e rpeciso de acompanhamento,cardio,668
ja tive infarto e preciiso de acompanhamento,cardio,668
oi uso marcapasso e precso de revisao,cardio,669
uso marcapasso e preciso de reevisao,cardio,669
uso marcapasso e preciso de revisao,cardio,669
uso marcapasso e preciso de revisao toda noite,cardio,669
quero fazer um check up do coracao,cardio,670
boa tarde quero fazer um check up do coracao faz tres dias,cardio,670
quero fazer um check up do coraccao,cardio,670
uqero fazer um check up do coracao,cardio,670
doutor preciso de avaliacao cardoilogica,cardio,671
preciso de avaliacao cardiologica,cardio,671
por favor preciso de avalacao cardiologica,cardio,671
doutor prceiso de avaliacao cardiologica,cardio,671
por favor quero saber meu risco cardiaco,cardio,672
qero saber meu risco cardiaco,cardio,672
quero saber meu risco cardiaco,cardio,672
douttor quero saber meu risco cardiaco,cardio,672
preciso de cardiologista desde cedo,cardio,673
preciso de caardiologista faz dias,cardio,673
preciso de cardiologista,cardio,673
por favor preciso de cardiologista,cardio,673
consulta com cardiologista,cardio,674
consulta com cardioogista faz dias,cardio,674
consulta com cardiologista desde cedo,cardio,674
consulta com cardiologista ha uma semana,cardio,674
douutor controle da pressao arterial faz tres dias,cardio,675
doutor controle da pressao arterial,cardio,675
controle da pressao arterial,cardio,675
controle da pressao arterial faz dias,cardio,675
meu remedio de pressao n ta fazendo efeito faz dias,cardio,676
meu remedio de pressao nao esta fazendo efeito,cardio,676
doutor meu remedio de pressao nao esta fazendo efeito faz tres dias,cardio,676
meu remedio de pressao n esta fazendo efeito,cardio,676
boa tarde quero medir minha pressao,cardio,677
doutor quero medir minha pressao,cardio,677
queero medir minha pressao,cardio,677
quero medir minha pressao,cardio,677
o medico pdeiu exame do coracao,cardio,678
doutor o medico pediu exame do coracao faz dias,cardio,678
boa tarde o medico pediu exame do coracao,cardio,678
o medico pediu exame do coracao,cardio,678
tenho coleserol alto e quero tratar desde cedo,cardio,679
tenho colesterol alto e quero tratar,cardio,679
oi tenho colesterol alto e quero tratar,cardio,679
tenho colesterol alto e quero traatar,cardio,679
sinto o coracao pulr uma batida de vez em quando,cardio,680
sinto o coracao pular uma batida de vez em quando faz tres dias,cardio,680
sinto o coracao pular uma batida de vez em quando,cardio,680
sinto o coracao pular uma batida de vez em uqando,cardio,680
meu coracao acelera quando deito,cardio,681
boa tarde meu coracao acelra quando deito,cardio,681
meu coracao acelera quando dito,cardio,681
meu coracao aeclera quando deito,cardio,681
minha esposa ta com atraso menstrrual,gineco,682
minha esposa esta com atraso menstrual,gineco,682
minha esposa ta com atraso menstrual,gineco,682
atraso menstrual toda noite,gineco,683
atraso menstrual,gineco,683
atraso mnstrual,gineco,683
sinto atraso menstrual desde ontem,gineco,684
sinto atraso menstrual,gineco,684
doutor sinto araso menstrual,gineco,684
tenho atraso menstrual,gineco,685
tenho atraso menstrual toda noite,gineco,685
tenho atrso menstrual,gineco,685
menstruacao atrasada,gineco,686
menstruacao atrrasada,gineco,686
menstruacao atrasada faz dias,gineco,686
boa tarde minha filha adolescente esta com menstruacao atrasada,gineco,687
minha filha adolescente ta com menstruacao atrasada,gineco,687
minha filha adolescente esta com menstruacao atrasada,gineco,687
oi faz um mes que to com menstruacao atrasada ha uma semana,gineco,688
boa tarde faz um mes que to com menstruacao atrasada,gineco,688
faz um mes que estou com menstruacao atrasada,gineco,688
tenho mensturacao atrasada,gineco,689
tenho menstruacao atasada,gineco,689
tenho menstruacao atrasada,gineco,689
tenho menstrucaao irregular faz tres dias,gineco,690
tenho menstruacao irregular,gineco,690
tenho menstruacao irregulr toda noite,gineco,690
minha filha adolescente esta com menstruacao irregular,gineco,691
minha filha adolescente esta com menstruacao irregular ha uma smeana,gineco,691
minha filha adolescente esta com menstruaccao irregular toda noite,gineco,691
to tendo menstruacao irregular desde cedo,gineco,692
to tendo menstruaao irregular,gineco,692
estou tendo menstruacao irregular,gineco,692
to com menstruacao irregular,gineco,693
boa tarde to com menstruacao irregular,gineco,693
to com menstruacao irregular desde ontem,gineco,693
por favor sinto colica menstrual forte,gineco,694
sinto colica menstrual forte faz tres dias,gineco,694
sinto colica menstrual forte,gineco,694
colica menstrual forte,gineco,695
colcia menstrual forte,gineco,695
colica menstrual forte toda noite,gineco,695
estou com colica menstrual frote,gineco,696
estou com colica menstrual forte,gineco,696
to com colica menstrual forte,gineco,696
doutor tenho colica menstrual forte,gineco,697
tenho colica menstrual ofrte,gineco,697
tenho colica menstrual forte,gineco,697
faz um mes que to com menstruacao mt frote,gineco,698
faz um mes que estou com menstruacao muito forte,gineco,698
faz um mes que to com menstruacao muito forte,gineco,698
to com menstruacao mt forte,gineco,699
to com menstruacao muito forte,gineco,699
to com menstruacao muito fortte,gineco,699
tenho menstruacao mt forte,gineco,700
oi tenho menstruacao mt forte,gineco,700
tenho menstruacao muito forte,gineco,700
estou tendo menstruacao muito forte,gineco,701
odutor estou tendo menstruacao mt forte ha uma semana,gineco,701
estou tendo menstruacao mt forte toda noite,gineco,701
faz um mes que estou com sangramento fora da menstruacao,gineco,702
faz um mes que to com sangramento fora da menstruacao,gineco,702
faz um mes que estou com sangramento fora da menstruacao ha uma semana,gineco,702
imnha esposa ta com sangramento fora da menstruacao,gineco,703
minha esposa ta com sangramento fora da menstruacao,gineco,703
minha esposa esta com sangramento fora da menstruacao,gineco,703
sinto sangramento fora da mestruacao,gineco,704
por favor sinto sangramento fora da menstruacao,gineco,704
sinto sangramento fora da menstruacao,gineco,704
sangramento fora da menstruacao,gineco,705
sangraento fora da menstruacao,gineco,705
sangramento fora da menstruacao toda noite,gineco,705
boa tarde tenho corrimento,gineco,706
tenho corrimento,gineco,706
tenho crorimento,gineco,706
faz um mes que estou com corrimento,gineco,707
doutor faz um mes que to com corrimneto,gineco,707
faz um mes que to com corrimento,gineco,707
minha filha adolescetne ta com corrimento,gineco,708
minha filha adolescente esta com corrimento,gineco,708
minha filha adolescente ta com ocrrimento,gineco,708
estou tendo corrimento toda noite,gineco,709
estou tendo corrimento,gineco,709
por favor estou tendo corrimento,gineco,709
por favor estou tendo corrimento com cheiro forte,gineco,710
to tendo corrimento com cheiro forte,gineco,710
estou tendo corrimento com cheiro forte,gineco,710
minha filha daolescente ta com corrimento com cheiro forte,gineco,711
boa tarde minha filha adolescente esta com corrimento com cheeiro forte,gineco,711
minha filha adolescente esta com corrimento com cheiro forte,gineco,711
faz um mes que estou com corrimento com cheiro forte,gineco,712
oi faz um mes que estou com corrimento com ceiro forte,gineco,712
faz um mes que estou com corrimento com chiro forte,gineco,712
estou com corrimento com cheiro forte desde ontem,gineco,713
estou com corrimento com cheiro forte,gineco,713
to com corrimento com cheiro forte,gineco,713
sinto cocira intima,gineco,714
sinto coceiira intima,gineco,714
sinto coceira intima,gineco,714
faz um mes que to com coceira intima,gineco,715
faz um mes que estou com occeira intima,gineco,715
faz um mes que estou com coceira intima,gineco,715
to com coceira intima,gineco,716
to com coceira intima toda noite,gineco,716
to com coceira itnima,gineco,716
cooceira intima,gineco,717
oi coceira intima,gineco,717
coceira intima,gineco,717
minha filha adolesceente ta com ardencia intima,gineco,718
minha filha adolescente ta com ardencia intima,gineco,718
minha filha adolescente esta com ardencia intima,gineco,718
boa tarde minha esposa esta com ardencia intima,gineco,719
boa tarde minha esposa esta com ardencia intima faz dias,gineco,719
minha esposa esta com ardencia intima,gineco,719
doutor to com ardencia intima desde ontem,gineco,720
to com ardencia intimma ha uma semana,gineco,720
to com ardencia intima,gineco,720
sinnto ardencia intima,gineco,721
sinto ardencia intima,gineco,721
sino ardencia intima,gineco,721
tenho candidiase,gineco,722
tennho candidiase,gineco,722
por favor tenho candidiase,gineco,722
sinto candidiase faz tres dias,gineco,723
sinto candidiase,gineco,723
snto candidiase,gineco,723
to com candidiase,gineco,724
boa tarde estou com candidiase toda onite,gineco,724
estou com candidiase,gineco,724
estou tendo candidiase,gineco,725
to tendo candidiase,gineco,725
oi estou tendo candidiase faz tres dias,gineco,725
douotr estou tendo dor na relacao,gineco,726
estu tendo dor na relacao,gineco,726
estou tendo dor na relacao,gineco,726
faz um mes que to com dor na relaco,gineco,727
faz um mes que to com dor na relacao ha uma semna,gineco,727
faz um mes que estou com dor na relacao,gineco,727
sinto dor na relacao,gineco,728
sinto dor na relaacao,gineco,728
boa tarde sinto dor na relacao,gineco,728
por favor minha esposa ta com dor na relacao,gineco,729
minha esposa esta com dor na relacao,gineco,729
minha esposa ta com dor na relcaao,gineco,729
imnha esposa ta com caroco no seio,gineco,730
minha esposa ta com caroco no seio,gineco,730
minha esposa esta com caroco no seio,gineco,730
to com caroco no seio,gineco,731
estou com caroco no seio,gineco,731
estou com caroo no seio faz dias,gineco,731
caorco no seio,gineco,732
caroco no seio,gineco,732
doutor caroco no seio,gineco,732
faz um mes que estou com caroco no seio,gineco,733
faz um mes que to com caroco no seio,gineco,733
faz um mes que estou com caaroco no seio,gineco,733
tenho nodulo na mama,gineco,734
etnho nodulo na mama,gineco,734
boa tarde tenho nodulo na mama,gineco,734
to com nodulo na mama faz tres dias,gineco,735
boa tarde to com nodulo na mama faz tres dias,gineco,735
to com nodulo na mama,gineco,735
nodulo na mama faz dias,gineco,736
nodulo na mama,gineco,736
nodullo na mama,gineco,736
estou tendo nodulo na mama,gineco,737
por favor to tendo nodulo na mama,gineco,737
boa tarde estou tendo nodulo na mama toda noite,gineco,737
doutor estou com dor no seio ha uma semana,gineco,738
doutor estou com dor no seio faz tres dias,gineco,738
estou com dor no seio,gineco,738
minha filha daolescente ta com dor no seio,gineco,739
minha filha adolescente esta com dor no seio,gineco,739
minha filha adolescente ta com dor no seio,gineco,739
to tenddo dor no seio,gineco,740
to tendo dor no seio,gineco,740
estou tendo dor no seio,gineco,740
to com dor no seio,gineco,741
to com dor no seio toda noite,gineco,741
oi to com dor no seio desde ontem,gineco,741
estou tendo calorao da menopausa,gineco,742
por favor estou tendo calorao da menopausa,gineco,742
to etndo calorao da menopausa,gineco,742
to com calorao da menoausa faz tres dias,gineco,743
to com calorao da menopausa ha uma semana,gineco,743
to com calorao da menopausa,gineco,743
minha esposa esta com calorao da menopausa,gineco,744
minha esposa ta com calorao da menopausa desde onttem,gineco,744
por favor minha esposa ta com calorao da menopausa,gineco,744
faz um mes que estou com calorao da menoausa,gineco,745
faz um mes que estou com calorao da menopausa,gineco,745
faz um mes que to com calorao da menopausa desde cedo,gineco,745
to com ovario policistico toda noite,gineco,746
to com ovario policistico,gineco,746
oi to com ovario policistico,gineco,746
por favor to com ovario policistico,gineco,747
estou com ovario policistico,gineco,747
minha filha adolescente esta com ovario policistico,gineco,748
minha filha adolesccente ta com ovario policistico,gineco,748
minha filha adolescente ta com ovario policistico ha uma semana,gineco,748
estou tendo ovario policistico desde ontem,gineco,749
to tendo ovario policistico toda noite,gineco,749
estou tendo ovario policistico,gineco,749
miha esposa esta com mioma ha uma semana,gineco,750
minha esposa esta com mioma,gineco,750
mnha esposa ta com mioma,gineco,750
por favor faz um mes que to com mioma,gineco,751
faz um mes que estou com mioma,gineco,751
faz um mes que to com mioma desde ontem,gineco,751
mioma faz tres dias,gineco,752
mioma,gineco,752
boa tarde mioma,gineco,752
minha filha adolescente ta com mioma,gineco,753
minha filha adolescente esta com mioma,gineco,753
minha filha adolescente ta com mioma desde cedo,gineco,753
doutor sinto infeccao vaginaal,gineco,754
por favor sinto infeccao vaginal,gineco,754
sinto infeccao vaginal,gineco,754
estou com infeccao vaginal,gineco,755
por favor estou com infeccao vaginal ha uma semana,gineco,755
oi to com infeccao vaginnal,gineco,755
doutor infeccao vaginal ha uma semana,gineco,756
infeccao vaginal,gineco,756
infecao vaginal desde cedo,gineco,756
estou tendo infeccao vaginal,gineco,757
oi to tnedo infeccao vaginal ha uma semana,gineco,757
to tendo infecaco vaginal,gineco,757
oi to com endometriose desde cedo,gineco,758
estou com endometriose,gineco,758
to com enddometriose faz tres dias,gineco,758
minha filha adolescente esta com endometriose,gineco,759
boa tarde minha filha adolesente esta com endometriose desde cedo,gineco,759
minha filha adolescente ta com endometriose,gineco,759
minha esposa ta com endometriose,gineco,760
por favor minha esposa ta com endometriose faz dias,gineco,760
minha esposa esta com endometriose,gineco,760
por favor tenho endometriose,gineco,761
tenho endometriose,gineco,761
tenho endomeetriose,gineco,761
tpm muito forte,gineco,762
tpm mt forte,gineco,762
tpm mt forte desde cedo,gineco,762
tenho tpm mt forrte,gineco,763
tenho tpm muito forte,gineco,763
tenho tpm muiito forte,gineco,763
minha filha adolescente esta com tpm mt forte,gineco,764
minha filha adolescente esta com tpm muito forte,gineco,764
oi minha filha adolescente ta com tpm mt forte,gineco,764
faz um mes que to com tpm mt forte,gineco,765
faz um mes que to com tpm mt fotre,gineco,765
faz um mes que estou com tpm muito forte,gineco,765
minha filha adolescente ta com corrimento amarelado ha uma semana,gineco,766
minha fillha adolescente esta com corrimento amarelado,gineco,766
minha filha adolescente esta com corrimento amarelado,gineco,766
minha esposa esta com corrimento amarelado faz dias,gineco,767
minha esposa esta com corrimento amarelado,gineco,767
doutor minha esposa ta com corrimento amarelado,gineco,767
oi estou com corrimento amarelado,gineco,768
estou com corrimento amarelado,gineco,768
estou com corrimento amarelado ha uma semana,gineco,768
estou tendo corrimento amarelado,gineco,769
to tendo corrimento amarelado,gineco,769
estou tendo corrimento amarelado desde cedo,gineco,769
faz um mes que estou com menstruacao que nao para,gineco,770
faz um mes que to com mensttruacao que n para,gineco,770
boa trade faz um mes que estou com menstruacao que n para,gineco,770
to com menstruacao que nao para,gineco,771
to com menstruacao que nao pra faz tres dias,gineco,771
oi to com menstruacao que nao para faz dias,gineco,771
estou com menstruacao que nao para,gineco,772
estou com menstruacao que nao pra,gineco,772
estou com menstruacao que n pra faz tres dias,gineco,772
tenho menstruacao que nao para,gineco,773
tenho menstruacao que nao pra,gineco,773
tenho menstruacao que n para,gineco,773
minha filha adolescente ta com sangramento depois da relacao,gineco,774
por favor minha filha adolescente ta com sangramento depois da relacao,gineco,774
minha filha adolescente esta com sangramento depois da relacao,gineco,774
faz um mes que to com sangramento depois da relacao,gineco,775
faz um mes que to com sangamento depois da relacao,gineco,775
faz um mes que estou com sangramento depois da relacao,gineco,775
por favor to tendo sangramento depois da relacao,gineco,776
estou tendo sangramento depois da relacao,gineco,776
to tnedo sangramento depois da relacao,gineco,776
tneho sangramento depois da relacao,gineco,777
tenho sangramento depois da relacao,gineco,777
tenho sangramento depis da relacao faz dias,gineco,777
oi to com dor no pe da barriga na menstruacao,gineco,778
to com dor no pe da brariga na menstruacao faz tres dias,gineco,778
to com dor no pe da barriga na menstruacao,gineco,778
faz um mes que to com dor no pe da barriga na mnestruacao,gineco,779
faz um mes que estou com dor no pe da barriga na menstruacao,gineco,779
faz um mes que to com dor no pe da barriga na menstruacao,gineco,779
doutor estou tendo dor no pe da barriga na menstruacao,gineco,780
estou tendo dor no pe da barriga na menstruacao,gineco,780
to tendo dor no pe da barriga na menstruacao,gineco,780
oi etou com dor no pe da barriga na menstruacao toda noite,gineco,781
estou com dor no pe da barriga na menstruacao,gineco,781
minha esposa ta com coceira na vaina,gineco,782
minha esposa esta com coceira na vagina,gineco,782
doutor minha esposa ta com coceira na vagina toda noite,gineco,782
to com coceira na vagina,gineco,783
doutor to com coceira na vagina,gineco,783
to com coceira na vagina toda noite,gineco,783
coceira na vagina ha uma semana,gineco,784
coceira na vagina,gineco,784
doutor coceira na vagina,gineco,784
sinto coceira na vagina,gineco,785
sinto coceira na vagina ha uma semanna,gineco,785
sinto coceira na vaina,gineco,785
secrecao no bico do seio,gineco,786
oi secrecao no bico do seio,gineco,786
serecao no bico do seio,gineco,786
to com secrecao no bico do seio,gineco,787
estou com secrecao no bico do seio,gineco,787
estou com secreecao no bico do seio,gineco,787
minha filha adolescente ta com secrecao no bico do seio ha uma semana,gineco,788
minha filha adolescente esta com secrecao no bico do seio,gineco,788
minha filha adolescente ta com secrecao no bico do seio,gineco,788
por favor faz um mes que estou com secrecao no bico do seio desde cedo,gineco,789
faz um mes que estou com secrecao no bico do seio,gineco,789
doutor faz um mes que to com secrecao no bico do seio,gineco,789
oi quero fazer exame preventivo,gineco,790
quero fazer exame preventivo,gineco,790
quero fazer exame preventivo toda noite,gineco,790
preciso fazer papanicolau,gineco,791
por favor preciso fazer papanicolau ha uma semana,gineco,791
oi preciso fazer papanicolau,gineco,791
boa tarde consulta ginecologica desde ontem,gineco,792
consulta gnecologica,gineco,792
consulta ginecologica,gineco,792
por favor quero comecar a tomar anticoncepcional,gineco,793
quero comecar a tomar anticoncepcional,gineco,793
quero cmecar a tomar anticoncepcional,gineco,793
querro trocar de anticoncepcional,gineco,794
quero trocar de anticoncepcional,gineco,794
quero trocar de anticoncepcional ha uma semana,gineco,794
quero colocar diu desde cedo,gineco,795
quero coolocar diu,gineco,795
quero colocar diu,gineco,795
quero fazer teste de graviidez,gineco,796
quero fazer teste de graviedz desde ontem,gineco,796
quero fazer teste de gravidez,gineco,796
acho que estou gravida,gineco,797
acho que to gravida,gineco,797
acho que estou gravida ha uma semana,gineco,797
boa tarde preciso faezr pre natal,gineco,798
perciso fazer pre natal desde ontem,gineco,798
preciso fazer pre natal,gineco,798
estou gravida e preciso de acompanhamento,gineco,799
oi to gravida e preciso de acompanhamento,gineco,799
to gravida e preciso de acompanhamento,gineco,799
quero fazer mamografia toda noite,gineco,800
qero fazer mamografia,gineco,800
quero fazer mamografia,gineco,800
estou entrando na menopausa,gineco,801
estou entrando na mnopausa ha uma semana,gineco,801
oi estou entrnado na menopausa,gineco,801
boa tarde orientacao sobre planejameento familiar,gineco,802
orienttacao sobre planejamento familiar,gineco,802
orientacao sobre planejamento familiar,gineco,802
preciso de ginecologista desde ontem,gineco,803
preciso de ginecologista,gineco,803
preciso de ginecologsita,gineco,803
consulta com ginecologista,gineco,804
consulta com ginecologista faz dias,gineco,804
consulta com giencologista,gineco,804
a menstruacao nao desceu esse mes,gineco,805
boa tarde a menstruacao n desceu esse mes,gineco,805
a menstruacao n desceu esse mes,gineco,805
minha menstruacao atrasou duas semanas faz tres dias,gineco,806
minha menstruacao atrasou duas semanas,gineco,806
minha menstruacao atrasou duas semanas desde cedo,gineco,806
gravida de 3 meses e quero acompanhamento,gineco,807
gravida de 3 meses e quero acompanhamento faz dias,gineco,807
doutor gravida de 3 meses e quero acompanhamento,gineco,807
quero fazer ultrassom transvaginal,gineco,808
quero fazer ultrassom transvaginal ha uma semana,gineco,808
por favor quero fazer ultrassom trasvaginal,gineco,808
boa tarde socorro dor no peito muito frte agora,urgencia,809
oi socorro dor no peito mt forte agroa,urgencia,809
socorro dor no peito muito forte agora,urgencia,809
dor no peito muito forte,urgencia,810
por favor dor no peito mt forte faz tres dias,urgencia,810
dor no peito mt forte,urgencia,810
urgente dor no peito muito forte,urgencia,811
urgente dor no peito mt forte,urgencia,811
urgene dor no peito muito forte,urgencia,811
oi me ajuda dor no peitto que nao passa desde ontem,urgencia,812
boa tarde me ajuda dor no peito que nao passa ha uma semana,urgencia,812
me ajuda dor no peito que nao passa,urgencia,812
emergencia dor no peito que nao passa agora,urgencia,813
emergencia dor no peito que nao pasa agora,urgencia,813
emergencia dor no peito que n passa agora,urgencia,813
dor no peio que n passa rapido,urgencia,814
dor no peito que n passa raapido,urgencia,814
dor no peito que nao passa rapido,urgencia,814
oi aperto no peito com suor frio agora,urgencia,815
aperto no peeito com suor frio agora faz dias,urgencia,815
aperto no peito com suor frio agora,urgencia,815
boa tarde socorro aperto no peito com suor frio,urgencia,816
socorro aperto no peito com suor frio,urgencia,816
socorro aperto no epito com suor frio,urgencia,816
socorro aperto no peito com suor frio rapido faz tres dias,urgencia,817
socorro aperto no peito com suor frio rapido,urgencia,817
socorro aperto no peio com suor frio rapido toda noite,urgencia,817
dor no peito que vai para o braco esquerdo,urgencia,818
dor no peito que vai pra o braco esquerdo desde ontem,urgencia,818
dor no petio que vai pra o braco esquerdo,urgencia,818
me ajuda dor no peito que vai para o braco esquerdo o que eu faco desde ontem,urgencia,819
me ajuda dor no peito que vai para o braco esquerdo o que eu faco,urgencia,819
me ajuda dor no peito que vai pra o braco esquerdo o que eu faco desde cedo,urgencia,819
boa tarde dor no peito que vai para o braco esquerdo o que eu faco,urgencia,820
dor no peito que vai para o braco esquerdo o que eu faco,urgencia,820
doutor dor no peito que vai pra o braco esquerdo o que eu faco,urgencia,820
dor no peito e braco formigando rapido,urgencia,821
dor no peito e braco formigando raipdo,urgencia,821
boa tarde dor no epito e braco formigando rapido faz dias,urgencia,821
por favor me ajuda dor no peito e braco formigando o que eu faco faz tres dias,urgencia,822
me ajuda dor no peito e braco formigando o que eu faco,urgencia,822
me ajuda dor no peito e barco formigando o que eu faco,urgencia,822
socorro dor no peeito e braco formigando de repente,urgencia,823
socorro dor no peito e braco formigando de repente ha uma semana,urgencia,823
socorro dor no peito e braco formigando de repente,urgencia,823
falta de ar muito forte,urgencia,824
falta de ar mt forte,urgencia,824
fallta de ar mt forte,urgencia,824
falta de ar miuto forte de repente faz tres dias,urgencia,825
falta de ar mt forte de reepnte faz dias,urgencia,825
falta de ar muito forte de repente,urgencia,825
socorro nao consigo respirar rapido,urgencia,826
soorro n consigo respirar rapido ha uma semana,urgencia,826
por favor socorro n consigo respirar rapido,urgencia,826
n consigo respirar o que eu faco,urgencia,827
oi nao consigo resiprar o que eu faco,urgencia,827
nao consigo respirar o que eu faco,urgencia,827
rapido n consigo respirar rapido,urgencia,828
rapido nao consigo respirar rapido,urgencia,828
oi rapido n consigo respirar rapido,urgencia,828
socorro to sufocando,urgencia,829
oi socorro estou sufocando,urgencia,829
socorro estou sufocando,urgencia,829
estou sufocando agora,urgencia,830
to sufocando agora,urgencia,830
to sufocando agora ha uma semana,urgencia,830
urgente estou sufocando agora,urgencia,831
urgente to sufocando agora desde cedo,urgencia,831
urgente to sufocando agora,urgencia,831
rapido ele desmaiou agora,urgencia,832
rapido ele desmaou agora,urgencia,832
rapido ele desmaiou agora desde ontem,urgencia,832
emergencia ele desmaiou,urgencia,833
emergencia ele desmaiou faz dias,urgencia,833
emergencia ele desmiou,urgencia,833
ele desmaiou de repente,urgencia,834
ele dessmaiou de repente ha uma semana,urgencia,834
ele desmaiou de repente toda noite,urgencia,834
urggente desmaiei agora faz dias,urgencia,835
urgente desmaiei agora,urgencia,835
urgente desmaiei agora desde ontem,urgencia,835
oi desmaiei agora,urgencia,836
desmaiei agora desde ontem,urgencia,836
desmaiei agora,urgencia,836
perdeu a conscienca,urgencia,837
perddeu a consciencia,urgencia,837
perdeu a consciencia,urgencia,837
rapido perdeu a consciencia,urgencia,838
boa tarde rapido perdeu a consciencia faz dias,urgencia,838
rapido perdeu a consciecnia,urgencia,838
doutor perdeu a consciencia agora,urgencia,839
perdeu a consciencia agora ha uma semana,urgencia,839
perdeu a consciencia agora,urgencia,839
ela nao acorda rapido ha uma semana,urgencia,840
ela n acorda rapido,urgencia,840
ela nao acorda rapido,urgencia,840
socorro ela n aorda agora,urgencia,841
soocrro ela nao acorda agora,urgencia,841
socorro ela nao acorda agora,urgencia,841
ela n acorda de repente,urgencia,842
oi ela n acorda de repente,urgencia,842
ela nao acorda de repente,urgencia,842
rapido esta tendo convulsao agora,urgencia,843
rapido ta tendo convulsao agora,urgencia,843
rapido esta tedo convulsao agora,urgencia,843
socorro esta tendo convulsao,urgencia,844
socorro ta tendo convulsao,urgencia,844
doutor socorro esta tendo convvulsao,urgencia,844
me ajuda esta tendo convulsao,urgencia,845
boa tarde me ajuda ta tendo convulsao faz dias,urgencia,845
por favor me ajuda esta tendo convulsao,urgencia,845
socorro teve uma convulsao,urgencia,846
oi socorro teve uma ocnvulsao desde ontem,urgencia,846
boa tarrde socorro teve uma convulsao,urgencia,846
teve uma convuulsao agora,urgencia,847
teve uma convulsao agora,urgencia,847
por favor teve uma convulsao agora faz dias,urgencia,847
doutor teve uma convulsao de repente faz dias,urgencia,848
teve uma convulsao de repente,urgencia,848
por favor teve uma convulsao de repente,urgencia,848
ficou com a boca torta de repente,urgencia,849
oi ficou com a boca torta de repente,urgencia,849
doutor ficou com a boca torta de repente,urgencia,849
emergencia ficou com a boca torta de repente,urgencia,850
emergencia ficou com a boca torta de repente ha uma semana,urgencia,850
boa tarde emergencia ficou com a boca torta de repente,urgencia,850
urgente ficou com a boca torta de repente rapido,urgencia,851
urgente ficou com a boca tortta de repente rapido,urgencia,851
oi urgente ficou com a boca tora de repente rapido,urgencia,851
oi me ajuda um lado do corpo paralisou,urgencia,852
me ajuda um lado do corpo paralisou,urgencia,852
me ajuda um lado do ocrpo paralisou,urgencia,852
um lado do corpo paralisou o que eu faco faz dias,urgencia,853
doutor um lado do corpo paralisou o que eu faco,urgencia,853
um lado do corpo paralisou o que eu faco,urgencia,853
urgente um lado do corrpo paralisou o que eu faco,urgencia,854
urgente um lado do corpo paralisou o que eu faco,urgencia,854
urgeente um lado do corpo paralisou o que eu faco,urgencia,854
doutor fala enrolada de repente rapido desde cedo,urgencia,855
fala enrolada de repente rapido,urgencia,855
fala enrolada de rpente rapido faz tres dias,urgencia,855
emergencia fala enrrolada de repente,urgencia,856
emergencia fala enrolada de repente faz tres dias,urgencia,856
emergencia fala enrolada de repente,urgencia,856
perdeu a forca no braco de repente o que eu faco,urgencia,857
oi perdeu a forca no braco de repente o que eu faco,urgencia,857
perdeu a forca no braco de repente o que eu faco desde cedo,urgencia,857
emregencia perdeu a forca no braco de repente,urgencia,858
emergencia perdeu a forca no braco de repente toda noie,urgencia,858
emergencia perdeu a forca no braco de repente,urgencia,858
perdeu a forca no braco de repente rapido,urgencia,859
por favor perdeu a forca no braco de repente rapido,urgencia,859
prdeu a forca no braco de repente rapido faz tres dias,urgencia,859
me ajuda sangramento que nao para,urgencia,860
me ajuda sangrameno que n para,urgencia,860
me ajuda sangramento que n pra,urgencia,860
sangramento que nao pra agora faz dias,urgencia,861
sangramento que nao para agora,urgencia,861
sangramento que n pra agora,urgencia,861
urgente sangramento que nao para,urgencia,862
urgente sangramento que n pra,urgencia,862
urgente sangramento que nao pra,urgencia,862
emergencia esta sangrando muito agora,urgencia,863
emergencia ta sangrando mt agora,urgencia,863
emergencia esta sangrando muito agora faz tres dias,urgencia,863
ta sangrando mt de repente toda noite,urgencia,864
esta sangrando muito de repente,urgencia,864
ta sangrando muito de repente,urgencia,864
emergencia esta sangrando mt rapido desde cedo,urgencia,865
emergencia ta sangrando muito rapido,urgencia,865
emergencia esta sangrando muito rapido,urgencia,865
urgente vomitando sangue desde cedo,urgencia,866
urgente vomitando sangue,urgencia,866
ugente vomitando sangue,urgencia,866
vomtiando sangue ha uma semana,urgencia,867
vomitando sangue,urgencia,867
vomitando sangue desde cedo,urgencia,867
me aujda vomitando sangue,urgencia,868
me ajuda vomitando sangue,urgencia,868
me ajuda vomitando sangue desde cedo,urgencia,868
emergencia corte profundo sangrando rapido faz dias,urgencia,869
emergencia corte profundo sangrando rapido,urgencia,869
emergencia corte rpofundo sangrando rapido,urgencia,869
rapido corte profundo sangrando agora desde cedo,urgencia,870
rapido corte profundo sangrando agora,urgencia,870
rapido corte profudno sangrando agora,urgencia,870
corte profundo sangrando de repente ha uma semana,urgencia,871
corte profundo sangrando de repente,urgencia,871
corte profundo sangrando de repente faz dias,urgencia,871
sofri acidente de moto rapido,urgencia,872
sofri aciidente de moto rapido,urgencia,872
sofri acidentte de moto rapido,urgencia,872
urgente sofri acidente de moto rpaido,urgencia,873
urgente sofri acidente de moto rapido,urgencia,873
urgente sofri acidente de moto rapido desde ontem,urgencia,873
doutor urgente sofrri acidente de moto,urgencia,874
ugrente sofri acidente de moto,urgencia,874
urgente sofri acidente de moto,urgencia,874
doutor me ajuda acidente de carro grave agora ha uma semana,urgencia,875
me ajuda acidente de carro grave agora,urgencia,875
me ajuda acidente de carro grave agora faz dias,urgencia,875
urgente acidente de carro grave,urgencia,876
urgente acidente de carro grave faz tres dias,urgencia,876
urgente acidente de carrro grave,urgencia,876
oi acidente de carro grave faz tres dias,urgencia,877
acidente de carro grave,urgencia,877
oi acidente de carro grave,urgencia,877
foi atropelado de repente faz dias,urgencia,878
foi atropelado de repente,urgencia,878
foi attropelado de repente,urgencia,878
emergencia foi atrropelado,urgencia,879
emergencia foi atropelado,urgencia,879
emerggencia foi atropelado,urgencia,879
rapido caiu do telhado de repente,urgencia,880
rapido caiu do telhado de repente ha uma semana,urgencia,880
rapido caiu do telhado de repente toda noite,urgencia,880
urgente caiu do telhado,urgencia,881
rugente caiu do telhado,urgencia,881
urente caiu do telhado,urgencia,881
emergencia caiu do telhdao o que eu faco,urgencia,882
emergencia caiu do telhado o que eu faco,urgencia,882
emergencia caiu do telhado o que eu faco desde ontem,urgencia,882
rapido batu a cabeca muito forte o que eu faco,urgencia,883
rapido btaeu a cabeca mt forte o que eu faco faz dias,urgencia,883
rapido bateu a cabeca muito forte o que eu faco,urgencia,883
rapido abteu a cabeca muito forte toda noite,urgencia,884
rapido bateu a cabeca muito forte,urgencia,884
rapido bateu a cabea mt forte,urgencia,884
bateu a cabeca muiito forte o que eu faco ha uma semana,urgencia,885
bateu a cabeca muito fotre o que eu faco,urgencia,885
bateu a cabeca muito forte o que eu faco,urgencia,885
doutor fratura exxposta o que eu faco,urgencia,886
fratura exposta o que eu faco,urgencia,886
fratura exposta o que eu faco faz tres dias,urgencia,886
por favor fratura exposta faz dias,urgencia,887
por favor fratura exposta,urgencia,887
fratura exposta,urgencia,887
socorro fratura expoosta,urgencia,888
socorro fartura exposta,urgencia,888
socorro fratura exposta,urgencia,888
rapido osso aparecendo na perna rapido,urgencia,889
doutor rapido osso aparecendo na perna rapido ha uma semana,urgencia,889
rapido osso aparecendo na perna rapido desde cedo,urgencia,889
por favor rapido osso aparecendo na perna de repente,urgencia,890
oi rapido osso aparecendo na pera de repente,urgencia,890
rapido osso aparecendo na perna de repente,urgencia,890
osso aparecendo na perna faz tres dias,urgencia,891
osso aparecendo na perna,urgencia,891
por favor osso aparecendo na perna faz dias,urgencia,891
boa tarde emergencia queimadura grave rapido,urgencia,892
emergencia queimadura grave rapdio,urgencia,892
emergencia queimadura grave rapido,urgencia,892
emergecnia queimadura grave o que eu faco desde cedo,urgencia,893
emergencia queimadura grave o que eu faco,urgencia,893
eergencia queimadura grave o que eu faco,urgencia,893
queimadura grave agora,urgencia,894
queimadura grvae agora,urgencia,894
doutor queimadura grave agora,urgencia,894
boa tarde rapido queimou com oleo quente de repente desde ontem,urgencia,895
rapido queimou com oleo quente de repente toda noite,urgencia,895
rapido queimou com oleo quente de repente,urgencia,895
doutr queimou com oleo quente,urgencia,896
queimou com oleo quente,urgencia,896
boa tarde queimou com oleo quente,urgencia,896
me ajuda engoliu veneno,urgencia,897
boa tarde me ajuda engoliu veneno,urgencia,897
me ajuda engoliu veneno faz tres dias,urgencia,897
doutor urgente engoliu veneno agora faz dias,urgencia,898
urgente engoliu veneno agora,urgencia,898
por favor urgente enggoliu veneno agora,urgencia,898
engoliu veneno de repente desdde cedo,urgencia,899
engoliu veneno de rpeente,urgencia,899
engoliu veneno de repente,urgencia,899
emergencia tomou remedio demais rapido faz tres dias,urgencia,900
emergencia tomou remedio demais rapido,urgencia,900
doutor emergencia tomou remedio deais rapido,urgencia,900
urgente toomou remedio demais desde cedo,urgencia,901
urgentte tomou remedio demais toda noite,urgencia,901
urgente tomou remedio demais,urgencia,901
me ajda tomou remedio demais,urgencia,902
me ajuda tomou remedio demas,urgencia,902
me ajuda tomou remedio demais,urgencia,902
socorro ciranca engoliu produto de limpeza faz dias,urgencia,903
socorro crianca engoliu produto de limpeza toda noite,urgencia,903
socorro crianca engoliu produto de limpeza,urgencia,903
emergencia crianca engoliu produto de limpeza rapido,urgencia,904
emergencia criaca engoliu produto de limpeza rapido,urgencia,904
emergencia crianca engoliu produto de lmpeza rapido,urgencia,904
por favor crianca engoliu produuto de limpeza,urgencia,905
crianca engoliu produto de limpeza faz tres dias,urgencia,905
crianca engoliu produto de limpeza,urgencia,905
emergencia picada de cobra de repente,urgencia,906
emergencia picada de cobra de repente desde ontem,urgencia,906
emergencia picada de cobra de repente faz tres dias,urgencia,906
doutor urgente picada de cobra rapido,urgencia,907
urgente picada de cobra rapdio,urgencia,907
urgente picada de cobra rapido,urgencia,907
pcada de cobra,urgencia,908
doutor picada de coobra toda noite,urgencia,908
picada de cobra,urgencia,908
me ajuda pcada de escorpiao de repente desde cedo,urgencia,909
me ajuda picada de escorpiao de repente,urgencia,909
me ajuda picada de escorpiao de repente desde cedo,urgencia,909
rapido picada de escorpiao rapido toda noite,urgencia,910
rapido picada de escorpiao rapido,urgencia,910
rapido picada de escorpiao rapido desde ontem,urgencia,910
me aujda picada de escorpiao rapido,urgencia,911
me ajuda picada de escorpiao rapido,urgencia,911
me ajuda picada de escorpiao rapido faz dias,urgencia,911
reacao alergica grave rapido,urgencia,912
oi reacao alergica grave rapido faz dias,urgencia,912
por favor reacao alergica grave rapido,urgencia,912
doutor emergencia reacao alergica grave rapido,urgencia,913
por favor emergencia reacao alergica grave rapido,urgencia,913
emergencia reacao alergica grave rapido,urgencia,913
reacao alergica graave,urgencia,914
reacao alergica grave,urgencia,914
reaccao alergica grave,urgencia,914
boa tarde me ajuda garganta feechando o que eu faco,urgencia,915
me ajuda garganta fechando o que eu faco,urgencia,915
me ajuda garganta fechando o que eu faco desde ontem,urgencia,915
socorro garganta fechando,urgencia,916
boa tarde socrro garganta fechando,urgencia,916
socorro garganta fechaando,urgencia,916
urgente garganta fechando,urgencia,917
ugente garganta fechando,urgencia,917
por favor urgente garganta fechando,urgencia,917
rosto e labios inchando depois do remedio de repente,urgencia,918
rosto e labiios inchando depois do remedio de repente,urgencia,918
rosto e labios inchnado depois do remedio de repente,urgencia,918
rapido rosto e laabios inchando depois do remedio,urgencia,919
doutor rapido rosto e labios inchando depois do remedio faz dias,urgencia,919
rapido rosto e labios inchando depois do remedio,urgencia,919
oi emrgencia rosto e labios inchando depois do remedio de repente,urgencia,920
emergencia rosto e labios inchando depois do remedio de repente,urgencia,920
boa tarde emergencia rosto e labios inchando depois do remedio de repente,urgencia,920
engasgado sem conseguir respirar rapido,urgencia,921
oi engasgado sem conseguir respiraar rapido,urgencia,921
doutor engasgado sem conseguir respirr rapido,urgencia,921
doutor rapido engasgado sem conseguir respirar,urgencia,922
rapido engasgado sem conseguir respirar,urgencia,922
rapido egnasgado sem conseguir respirar,urgencia,922
urgente engasgado sem conseguir respirar rapido,urgencia,923
urgente engasgado sem conseguir respirar rapido faz dias,urgencia,923
urgente engasgado sem conseguir respirar raapido ha uma semana,urgencia,923
emergencia quase se afogou faz tres dias,urgencia,924
emergencia quase se afogou desde ontem,urgencia,924
emergencia quase se afogou,urgencia,924
me ajuda quase se afogou rapido,urgencia,925
boa tarde me ajuda quase se afogou rapido faz tres dias,urgencia,925
me ajuda qase se afogou rapido,urgencia,925
levou choque eletrico deesde ontem,urgencia,926
levou choque eletrico,urgencia,926
leovu choque eletrico,urgencia,926
doutor me ajuda levou choque eletrico,urgencia,927
me ajuda levou choque eletrico toda noite,urgencia,927
me ajuda levou choque eletrico,urgencia,927
urgente bebe com febre muito alta e conulsao o que eu faco faz tres dias,urgencia,928
urgente bebe com febre muito alta e convulsao o que eu faco,urgencia,928
urgente bebe com febre mt alta e convulsao o que eu faco,urgencia,928
urgente bebe com febre muito alta e convulsao rapido toda noite,urgencia,929
urgente bebe com febre mt alta e convulsao rapido,urgencia,929
urgente bebe com febre muito alta e convulsao rapido,urgencia,929
bebe com febre muito alta e convulsao agora,urgencia,930
bebe com febre mt alta e convulsao agora,urgencia,930
oi bebe com febre muitto alta e convulsao agora,urgencia,930
bebe ficoou roxo,urgencia,931
bebe ficou roxo,urgencia,931
bebe ficou roxo edsde ontem,urgencia,931
boa tarde rapido bebe ficou roxo rapido,urgencia,932
rapido bebe ficou roxo rapido,urgencia,932
boa tarde rapido bebe ficu roxo rapido,urgencia,932
urgente bebe n esta respirando drieito faz tres dias,urgencia,933
urgente bebe nao esta respirando direito,urgencia,933
urgente bebe n esta respirndo direito,urgencia,933
me ajuda bebe nao ta respirando direito o que eu faco faz tres dias,urgencia,934
me ajuda bebe nao esta respirando direito o que eu faco toda noite,urgencia,934
me ajuda bebe nao esta respirando direito o que eu faco,urgencia,934
me ajuda bebe nao esta respirando direito agora,urgencia,935
me ajuda bebe n ta respirando direito agora,urgencia,935
boa tarde me ajuda bebe n ta respirando direito aora ha uma semana,urgencia,935
gravida sangrando muito agora,urgencia,936
gravida sangarndo mt agora ha uma semana,urgencia,936
gravida sangrando mt agora ha uma semana,urgencia,936
gravida sangrnado muito rapido,urgencia,937
gravida sangrando muito rapido,urgencia,937
gravida sangrando mt rapido,urgencia,937
urgente gravida sangrando mt o que eu faco,urgencia,938
urgente gravida sangrando muito o que eu faco,urgencia,938
urgente graivda sangrando muito o que eu faco,urgencia,938
oi a bolsa estourou,urgencia,939
a bolssa estourou,urgencia,939
a bolsa estourou,urgencia,939
socorro a bolsa estourou agora desde ontem,urgencia,940
socorro a bolsa estourou agora,urgencia,940
doutor socorro a bolsa estourou agora,urgencia,940
contracoes muito fortes gravida de repente,urgencia,941
ocntracoes mt fortes gravida de repente,urgencia,941
contracoes mt forts gravida de repente,urgencia,941
urgente contrracoes mt fortes gravida,urgencia,942
urgente contracoes mt fortes gravida,urgencia,942
urgente contracoes muito fortes gravida,urgencia,942
emergencia contracoes muito fortes gravida,urgencia,943
emergencia contracoes mt fortes gravda,urgencia,943
emergncia contracoes muito fortes gravida,urgencia,943
socorro dor de cabecca subita mt forte a pior da vida desde ontem,urgencia,944
socorro dor de cabeca subita mt forte a pior da vida,urgencia,944
socorro dor de cabeca subita muito forte a pior da vida,urgencia,944
socorro dor de cabeca subita muito forte a pior da vida agora ha uma semana,urgencia,945
doutor socorro dor de cabeca subita mt forte a pior da vida agora,urgencia,945
socorro dor de cabeca subita muito forte a pior da vida agora,urgencia,945
desmaiou e bateu a cabeca toda noite,urgencia,946
desmaoiu e bateu a cabeca faz tres dias,urgencia,946
desmaiou e bateu a cabeca,urgencia,946
socorro desmaiou e bateu a cabeca,urgencia,947
por favor socorro desmaiou e bateu a cabeca,urgencia,947
oi socorro desmaiou e bateu a cabeca,urgencia,947
emergencia desmaiou e bateu a cabeca rapido,urgencia,948
emergencia desmaiou e bateu a cabeca rapido desde cedo,urgencia,948
emergencia dessmaiou e bateu a cabeca rapido,urgencia,948
emergencia labios roxos e falta de ar agora,urgencia,949
emergenia labios roxos e falta de ar agora,urgencia,949
emergencia labios roxos e falta de ar agora toda noite,urgencia,949
socorro labios roxos e falta de ar agora,urgencia,950
doutor socorro labios roxos e falta de ar agora,urgencia,950
socorro labios roxos e falta de ar agora desde ontem,urgencia,950
labios roxos e fala de ar rapido,urgencia,951
labios roxos e falta de ar rappido,urgencia,951
labios roxos e falta de ar rapido,urgencia,951
rapido suor frio e dor no peito de repente,urgencia,952
rapido suor frio e dor no peito de repente toda noite,urgencia,952
rapido suor frio e dor no peito de repente desde cedo,urgencia,952
urente suor frio e dor no peito de repente,urgencia,953
urgente suor frio e dor no peito de repente,urgencia,953
urgente suor frio e dor no peito de repente faz tres dias,urgencia,953
me ajuda pressao muito alta com dor no peito e visao turva rapido,urgencia,954
boa tarde me ajuda pressao mt alta com dor no peito e visao turva rpido ha uma semana,urgencia,954
me ajuda pressao mt alta com dor no peito e visao turva rapido,urgencia,954
urgente pressao muito alta com dor no peito e visao turva agora toda noite,urgencia,955
urgente pressao muito alta com dor no peito e visao turva agora,urgencia,955
urgente pressao mt alta com dor no peito e visao turva agora,urgencia,955
me ajuda pessao mt alta com dor no peito e visao turva,urgencia,956
me ajuda pressao mt alta com dor no peito e visao turva faz dias,urgencia,956
me ajuda pressao muito alta com dor no peito e visao turva,urgencia,956
socorro confusao mental de repente,urgencia,957
socorro cnfusao mental de repente,urgencia,957
socorro confuao mental de repente,urgencia,957
me aujda confusao mental de repente,urgencia,958
me ajuda confusao mental de repente ha uma semana,urgencia,958
me ajuda confusao mental de repente,urgencia,958
confusao mental de repente,urgencia,959
confussao mental de repente,urgencia,959
confusao mental de repente faz dias,urgencia,959
socorro levou uma facada rapido,urgencia,960
socorro levou uma facada rapido desde ontem,urgencia,960
doutor socorro levou uma facada rapido,urgencia,960
levu uma facada faz tres dias,urgencia,961
lveou uma facada,urgencia,961
levou uma facada,urgencia,961
meergencia levou uma facada o que eu faco,urgencia,962
emergencia levou uma facada o que eu faco desde cedo,urgencia,962
emergencia levou uma facada o que eu faco,urgencia,962
me ajuda levou um tiro toda noite,urgencia,963
me ajuda levou um tiro,urgencia,963
doutor me ajuda levou um tiro,urgencia,963
socorro levou um tiro de repente,urgencia,964
socorro levou um tiro de repente faz tres dias,urgencia,964
soocorro levou um tiro de repente,urgencia,964
me ajuda levou um tiro de repente desde ontem,urgencia,965
me ajuda lvou um tiro de repente,urgencia,965
me ajuda levou um tiro de repente,urgencia,965
socorro sangue saindo pelo ouvido depois da queda agora desde cedo,urgencia,966
socorro sangue saindo pelo ouvido depois da queda agora,urgencia,966
socorro sanuge saindo pelo ouvido depois da queda agora faz tres dias,urgencia,966
urgente sangue saindo pelo ouvido depois da queda o que eu faco,urgencia,967
boa tarde urgente sangue saindo pelo ouvido depois da queda o que eu faco faz tres dias,urgencia,967
oi urgente sangue saindo pelo ouvido depois da queda o que eu faco,urgencia,967
sangue saindo pelo ouvido depois da queda agora desde cedo,urgencia,968
sangue saindo pelo ouvido depois da queda agora,urgencia,968
boa tarde sangue saindo pelo ouvido depois da queda agora ha uma semana,urgencia,968
emergencia dor na barriga insuportavel e barriga dura agora,urgencia,969
por favor emergencia dor na barriga insuportavel e barriga dura agora,urgencia,969
emergencia dor na barriga insuprotavel e barriga dura agora,urgencia,969
rapido dor na barriga inspuortavel e barriga dura,urgencia,970
por favor raido dor na barriga insuportavel e barriga dura,urgencia,970
rapido dor na barriga insuportavel e barriga dura,urgencia,970
oi dor na barriga insuportavel e barriga dura,urgencia,971
dor na barriga insuportavel e barriga dura,urgencia,971
dor na barrriga insuportavel e barriga dura,urgencia,971
emergencia febre alta com manchas roxas no corpo o que eu faco,urgencia,972
emergencia febre alta com manchas orxas no corpo o que eu faco,urgencia,972
meergencia febre alta com manchas roxas no corpo o que eu faco,urgencia,972
febre alta com manchas roxas no corpo desde cedo,urgencia,973
febre alta com manchas roxas no corpo,urgencia,973
boa tarde febre alta com manchas roxas no corpo,urgencia,973
emergencia febre alta com manchas roxxas no corpo rapido,urgencia,974
emergencia febre alta com manchas roxas no corpo rapido,urgencia,974
doutor emergencia febre alta com manchas roxas no corpo rapido desde cedo,urgencia,974
infarto,urgencia,975
infarto toda noite,urgencia,975
infarto ha uma semana,urgencia,975
me ajuda infarto faz dias,urgencia,976
me ajuda infarto desde ontem,urgencia,976
me ajuda infarto,urgencia,976
urgente infaro o que eu faco,urgencia,977
urgente infarto o que eu faco,urgencia,977
por favor urgente infarto o que eu faco,urgencia,977
urgente acho que to tendo um infarto de repente,urgencia,978
urgente acho que setou tendo um infarto de repente,urgencia,978
urgente acho que estou tendo um infarto de repente,urgencia,978
acho que to tendo um infarto de repente,urgencia,979
acho que estou tendo um infarto de repente,urgencia,979
acho que estou tendo um infarto de repetne,urgencia,979
emergencia acho que estou tendo um infarto agora toda noite,urgencia,980
por favor emergencia acho que estou tendo um infarto agora,urgencia,980
emergencia acho que estou tendo um infarto agora,urgencia,980
oi acho que ele ta tendo um avc agora,urgencia,981
acho que ele esta tendo um avc agora,urgencia,981
acho que ele ta tendo um avc agora,urgencia,981
socorro acho que ele esta tendo um avc de repente,urgencia,982
socorro acho que ele esta tendo um avc de repente ha uma semana,urgencia,982
socorro acho que ele ta tendo um avc de rpeente,urgencia,982
emergencia acho que ele ta tedo um avc,urgencia,983
emergencia acho que ele esta tendo um avc,urgencia,983
emergencia acho que ele esta teendo um avc,urgencia,983
doutor urgente avc toda noite,urgencia,984
urgente avc,urgencia,984
urgetne avc,urgencia,984
socorro avc o que eu faco desde ontem,urgencia,985
oscorro avc o que eu faco,urgencia,985
socorro avc o que eu faco,urgencia,985
dutor rapido avc,urgencia,986
por favor rapido avc,urgencia,986
rapido avc,urgencia,986
me aujda parada cardiaca rapido,urgencia,987
me ajuda parada cardiaca rapido,urgencia,987
me ajuda parada cardiaca raido,urgencia,987
parada cardiaca o que eu faco,urgencia,988
doutor parada cardiaca o que eu faco,urgencia,988
oi pardaa cardiaca o que eu faco,urgencia,988
parada cardiaca de repente faz dias,urgencia,989
parada cardiaca de repnte ha uma semana,urgencia,989
parada cardiaca de repente,urgencia,989
me ajuda desmaio com dor no peito o que eu faco toda noite,urgencia,990
me ajuda desmaio com dor no peito o que eu faco,urgencia,990
me ajdua desmaio com dor no peito o que eu faco,urgencia,990
desmaio com dor no peito rapido,urgencia,991
desmaio com dor no peito rapdo faz tres dias,urgencia,991
desmmaio com dor no peito rapido faz dias,urgencia,991
desmaio com dor no peito o que eu faco,urgencia,992
desmaio com dor no epito o que eu faco,urgencia,992
desmaio com dor no peito o que eu faco ha uma semana,urgencia,992
por favor uma pergunta bom dia,outro,993
uma pergunta bom dia,outro,993
boa tarde uma pergunta bom dia,outro,993
por fvaor bom dia,outro,994
por favvor bom dia,outro,994
por favor bom dia,outro,994
bom dia ha uma semana,outro,995
bom dia,outro,995
bom dia desde ontem,outro,995
gostaira de saber boa tarde desde cedo,outro,996
gostaria de saber boa tarde,outro,996
doutor gostaria de saber boa tarde,outro,996
me diz boa tarde ha uma semana,outro,997
me diz boa tarde,outro,997
me diz boa tarde desde ontem,outro,997
boa tarde me diz boa noite,outro,998
me diz boa noite,outro,998
por favor me diz boa noite toda noiite,outro,998
doutor por favor boa noite desde ontem,outro,999
por favor boa noite,outro,999
por favor por favor boa noite,outro,999
goostaria de saber boa noite,outro,1000
gostaria de saber boa noite desde ontem,outro,1000
gostaria de saber boa noite,outro,1000
doutor oi faz tres dias,outro,1001
por favor oi desde ontem,outro,1001
oi,outro,1001
gostaria de saber ola,outro,1002
boa tarde gostaria de saber ola,outro,1002
doutor gostaria de saaber ola,outro,1002
ola toda noite,outro,1003
ola,outro,1003
ola ha uma semana,outro,1003
uma pegrunta ola,outro,1004
uma pergutna ola,outro,1004
uma pergunta ola,outro,1004
me diz obrigado,outro,1005
me diz obrigado faz tres dias,outro,1005
me diz obriigado desde ontem,outro,1005
por favor obrigado,outro,1006
por faovr obrigado faz dias,outro,1006
doutor por favor obrigado,outro,1006
por favor obrigada faz dias,outro,1007
por favor orbigada,outro,1007
por favor obrigada,outro,1007
me diz obrigda,outro,1008
por favor me diz obrigada,outro,1008
me diz obrigada,outro,1008
obrigaa,outro,1009
obrigada,outro,1009
obrigada toda noite,outro,1009
uma pergunta valeu,outro,1010
doutor uma pergunta valleu,outro,1010
uma eprgunta valeu,outro,1010
valeu ha uma semana,outro,1011
valleu,outro,1011
valeu,outro,1011
me diz valeu,outro,1012
me diz avleu,outro,1012
me diz valeu desde ontm,outro,1012
por favor teste,outro,1013
doutor por favor teste,outro,1013
boa tarde por favor teste,outro,1013
tetse,outro,1014
por favor teste faz dias,outro,1014
teste,outro,1014
gostaria de saber tesando,outro,1015
gostaria de sbaer testando,outro,1015
gostaria de saber testando,outro,1015
por favor testando toda noite,outro,1016
por favor testando,outro,1016
boa tarde por favor testando,outro,1016
me diz testano faz tres dias,outro,1017
me diz testando,outro,1017
me diz testano,outro,1017
qual o horario de fnucionamento,outro,1018
qual o horario de funcionamento desde ontem,outro,1018
qual o horario de funcionamento,outro,1018
gostaria de saaber qual o horario de funcionamento,outro,1019
gostaria de saber qual o horario de funcionamento,outro,1019
gostaria de saber qual o horario de funcionaamento,outro,1019
por favor por favor que horas abre o posto,outro,1020
doutor por favor que horas abre o potso,outro,1020
por favor que horas abre o posto,outro,1020
que horas abre o opsto,outro,1021
que horas abre o posto,outro,1021
que horas abre o posto faz tres dias,outro,1021
oi que horas fechha a ubs faz tres dias,outro,1022
que horas fecha a ubs,outro,1022
que horas fecha a ubs faz dias,outro,1022
gostaria de saber que horas fecha a ubs,outro,1023
gostaria de sabeer que horas fecha a ubs,outro,1023
gostaaria de saber que horas fecha a ubs,outro,1023
uma pergunta onde fica o posto de sadue desde ontem,outro,1024
uma pergunta onde fica o potso de saude ha uma semana,outro,1024
uma pergunta onde fica o posto de saude,outro,1024
por fvor onde fica o posto de saude faz tres dias,outro,1025
por favor onde fica o posto de saude,outro,1025
oi por favor onde fica o posto de saude,outro,1025
onde fica o posto de saude,outro,1026
douttor onde fica o posto de saude,outro,1026
onde fica o posto de saude faz tres dias,outro,1026
gostariia de saber endereco da ubs centro,outro,1027
gostaria de saber endereco da ubs centro,outro,1027
gostria de saber endereco da ubs centro desde cedo,outro,1027
me diz endereco da ubs ceentro,outro,1028
me diz endreeco da ubs centro,outro,1028
me diz endereco da ubs centro,outro,1028
telefone do posto dedse cedo,outro,1029
telefone do posto,outro,1029
doutor teefone do posto,outro,1029
gostaria de sabr telefone do posto toda noite,outro,1030
gostaria de saber telefone do posto,outro,1030
gostaria de saber telefone do posto faz dias,outro,1030
uma pergunta como faco pra amrcar consulta,outro,1031
uma pergunta como faco para marcar consulta,outro,1031
uma pergunta como faco pra marcaar consulta,outro,1031
gstaria de saber como faco para marcar consulta ha uma semana,outro,1032
gostaria de saber como faco pra marcar consulta,outro,1032
gostaria de saber como faco para marcar consulta,outro,1032
doutor me diz como agendar atendimento,outro,1033
me diz como agendar atendimento,outro,1033
me diz como agendar atendimento faz tres dias,outro,1033
como agendar atendimento,outro,1034
como agendar ateendimento,outro,1034
como agendaar atendimento,outro,1034
como tirar cartao do sus,outro,1035
oi como tirar cartao do sus,outro,1035
como tirar carto do sus,outro,1035
uma pergunta quais vacinas estao disponiveis,outro,1036
uma pergunta quais vacinas estao disponiveis toda noite,outro,1036
uma pergunta quais vaccinas estao disponiveis,outro,1036
quais vacinas estao disponiveis toda noite,outro,1037
quais vacinas estao disponiveis,outro,1037
quais vacias estao disponiveis,outro,1037
gostaria de saber quais vacinas estao disponiveis,outro,1038
gostaria de saber quais vacinas estao disponiveis toda noite,outro,1038
gostaria de saber quais vacinas estao disponiveis faz dias,outro,1038
me diz quando comeca a campanha de vacinacao,outro,1039
oi me diz quando comeca a campanha de vacinacao,outro,1039
me diz qunado comeca a campanha de vacinacao,outro,1039
quando comeca a campanha de avcinacao,outro,1040
quando comeca a campanha de vacinacao,outro,1040
quando comcea a campanha de vacinacao,outro,1040
tem vacna da gripe ha uma semana,outro,1041
tem vacina da gripe,outro,1041
tem vacina da gripe desde cedo,outro,1041
uma pergunta tem vacina da gripe,outro,1042
uma pergunta tem vacina da griipe,outro,1042
uma pergunta tem vacina da gripe faz tres dias,outro,1042
por favor o posto abre sabado,outro,1043
por favor o posto abre asbado,outro,1043
oi por favor o posto abre sabado,outro,1043
me diz o posto abre sabdao,outro,1044
me diz o posto abre sabado,outro,1044
doutor me diz o posto abre sabado,outro,1044
gostaria de saber o posto abre sabado,outro,1045
gostaria de saber o posto abre sabado ha uma semana,outro,1045
doutor gostaria de saber o posto abre sabdo faz dias,outro,1045
boa tarde quem e o medico de hoje toda noie,outro,1046
boa tarde quem e o medico de hoje,outro,1046
quem e o medico de hoje,outro,1046
me diz quem e o medicco de hoje,outro,1047
oi me diz quem e o mdico de hoje,outro,1047
me diz quem e o medico de hoje,outro,1047
por favor lista de medicos,outro,1048
por favor lista de meddicos,outro,1048
por fvaor lista de medicos,outro,1048
uma pergunta lista de medicos,outro,1049
doutor uma pergunta lisa de medicos toda noite,outro,1049
uma pergunta lista de meedicos,outro,1049
boa tarde gostaria de saber lisa de medicos,outro,1050
gostaria de saber lista de medicos faz tres dias,outro,1050
gostaria de saber lista de medicos,outro,1050
uma perguunta como funciona o site,outro,1051
uma pergunta como funciona o site,outro,1051
uma pergunta como funicona o site faz tres dias,outro,1051
me diz como funcinoa o site,outro,1052
me diz como funciona o site,outro,1052
me diz como funciona o site desde ontem,outro,1052
gostaria de saber esqueci minha senha toda noite,outro,1053
gostaria de saber esqueci minha senha faz tres dias,outro,1053
gostaria de saber esqueci minha senha,outro,1053
esqueci minha senha,outro,1054
esqueci minha sennha,outro,1054
boa taarde esqueci minha senha,outro,1054
quero trocar minha senha faz tres dias,outro,1055
quero trocar minha senha,outro,1055
quero trocar minha senha toda noite,outro,1055
me diz quero trocar minha senha,outro,1056
me diz quero trocar mnha senha,outro,1056
me diz qureo trocar minha senha,outro,1056
boa tarde como sair da conta,outro,1057
como sair da conta ha uma semana,outro,1057
como sair da conta,outro,1057
me diz como sair da conta,outro,1058
me diz como sair da conta toda noite,outro,1058
me diz como sair da connta,outro,1058
me diz asdfgh,outro,1059
me diz asdfgh desde cedo,outro,1059
me diz asdfgh ha uma semaa,outro,1059
uma pergunta asdfgh,outro,1060
uma pergunta asfgh,outro,1060
uma pergunta asdfgh faz dias,outro,1060
boa tarde por favor adfgh,outro,1061
por faavor asdfgh,outro,1061
por favor asdfgh,outro,1061
gsotaria de saber kkkkkk,outro,1062
gostaria de saber kkkkkk,outro,1062
gostaria de saber kkkkkk faz tres dias,outro,1062
kkkkk,outro,1063
por favor kkkkkk,outro,1063
kkkkkk,outro,1063
por afvor kkkkkk toda noite,outro,1064
por favor kkkkkk dessde cedo,outro,1064
aaaa,outro,1065
aaaaa,outro,1065
oi aaaaa toda noite,outro,1065
me diz aaaaa,outro,1066
doutor me diz aaaaa,outro,1066
me diz aaaaa toda noite,outro,1066
gostaria de saber aaaa,outro,1067
gostaria de saber aaaaa,outro,1067
gostarria de saber aaaaa toda noite,outro,1067
uma pergunta qualquer coisa toda noite,outro,1068
uma pergunta qualquer coisa desde ontem,outro,1068
uma pergunta qualquer coisa,outro,1068
qualquer coisa,outro,1069
qualquer coisa faz tres dias,outro,1069
qualqquer coisa,outro,1069
gostaria de saber qualquer coisa edsde cedo,outro,1070
por favor gostaria de saber qualuqer coisa,outro,1070
gostaria de saber qualquer coisa,outro,1070
oi uma prgunta nada,outro,1071
uma pergunta nada,outro,1071
uma perggunta nada,outro,1071
me diz nada dsde ontem,outro,1072
me diz nada,outro,1072
me diz nada toda noite,outro,1072
uma pergunta sim,outro,1073
uma pegunta sim,outro,1073
boa tarde uma pergunta sim,outro,1073
gosaria de saber sim,outro,1074
gostaria de saber sim,outro,1074
gostarria de saber sim,outro,1074
gostaaria de saber nao,outro,1075
doutor gostaria de saber nao,outro,1075
gostaria de saber nao,outro,1075
boa tarde uma pergunta n,outro,1076
uma pergunta nao,outro,1076
uma pergunta n,outro,1076
n,outro,1077
por favor nao,outro,1077
nao,outro,1077
gostaria de saber ok,outro,1078
gostaria de sabeer ok,outro,1078
ogstaria de saber ok,outro,1078
uma pergunta ok,outro,1079
doutor uma pergunta ok,outro,1079
uma pergunta ok toda noite,outro,1079
futebool,outro,1080
futebol,outro,1080
futbeol,outro,1080
gostaria de saber fuebol,outro,1081
gostaria de saber futebol,outro,1081
oi gotsaria de saber futebol,outro,1081
receita de bolo faz dias,outro,1082
receita de bolo,outro,1082
receita de bolo ha uma semana,outro,1082
gostaria de sbaer receita de bolo,outro,1083
gostaria de saber receita de bolo,outro,1083
gostraia de saber receita de bolo toda noite,outro,1083
por favor me diz receita de bolo,outro,1084
me diz recita de bolo,outro,1084
me diz receita de bolo,outro,1084
previsao do tempo ha uma semana,outro,1085
previsao do tempo desde cedo,outro,1085
previsao do tempo,outro,1085
por favor previsao do tempo,outro,1086
por favor previsao do tepo,outro,1086
por favvor previsao do tempo,outro,1086
quero falar com a secretaria de saude toda noite,outro,1087
quero falar com a secretara de saude,outro,1087
quero falar com a secretaria de saude,outro,1087
por favor gostaria de saber quero falar com a secretaria de saude,outro,1088
boa tarde gostaria de saber quero falar com a secretaria de saude toda noite,outro,1088
gostaria de saber quero falar com a secretaria de saude,outro,1088
me diz quero falar com a secreetaria de saude,outro,1089
me diz quero falar com a secretaria de saude,outro,1089
oi me diz quero falar com a secretaria de saude,outro,1089
quero fazer uma reclamacao,outro,1090
quero faer uma reclamacao,outro,1090
quero fazer uma reclamacao ha uma semana,outro,1090
uma pergunta quero fazer uma reclamacao faz dias,outro,1091
uma pergunta quero fazer uma reclamacao,outro,1091
uma pergunta quero fazer uma reclaamacao,outro,1091
quero fazer um eloggio faz tres dias,outro,1092
quero fzer um elogio,outro,1092
quero fazer um elogio,outro,1092
uma pergunta onde fica a farmacia popular,outro,1093
uma perguta onde fica a farmacia popular,outro,1093
doutor uma pergunta onde fica a farmacia popular,outro,1093
por favoor onde fica a farmacia popular,outro,1094
por favor onde fica a farmacia popular,outro,1094
por faavor onde fica a farmacia popular,outro,1094
uma pergunta como chegar no hospital municipal,outro,1095
uma perugnta como chegar no hospital municipal,outro,1095
uma perrgunta como chegar no hospital municipal,outro,1095
por favor como chegar no hospital municipal,outro,1096
como chegar no hospitl municipal,outro,1096
como chegar no hospital municipal,outro,1096
doutor gostaria de saber o posto atende hoje,outro,1097
gostaria de saber o posto atende hoje,outro,1097
oi gostaria de saber o posto atnde hoje faz dias,outro,1097
uma pergunta o posto atende hoje,outro,1098
uma pergunta o psto atende hoje,outro,1098
boa tarde uma pergunta o posto atende hoje desde ontem,outro,1098
por favor precisa de agendamento,outro,1099
por favor precisa de agendamento desde ontem,outro,1099
por favor precisa de agenadmento,outro,1099
precisa de agendamento ha uma semana,outro,1100
precisa de agendamento,outro,1100
preciisa de agendamento,outro,1100
me diz quanto custa a consulta toda noite,outro,1101
me diz quanto custa a consulta,outro,1101
me diz quanto custa a consulta desde ontem,outro,1101
gostaria de sabr quanto custa a consulta,outro,1102
gostaria de saber quanto custa a consulta,outro,1102
gostaria de saber quanto custa a consulta ha uma semana,outro,1102
boa tarde quanto custa a consulta,outro,1103
quanto custa a consulta,outro,1103
quanto custta a consulta ha uma semana,outro,1103
uma pergunta aceita cartao do sus,outro,1104
uma pergunta aceita cartao do sus desde ontem,outro,1104
uma perugnta aceita cartao do sus,outro,1104
por favor aceita cartao do sus toda noite,outro,1105
por favvor aceita cartao do sus,outro,1105
por favor aceita cartao do sus,outro,1105
por favor gostaria de saber aceita cartao do sus,outro,1106
gostaria de saber aceita cartao do sus,outro,1106
goostaria de saber aceita cartao do sus,outro,1106
me diz qual o numero do samu,outro,1107
me diz qual o numro do samu,outro,1107
me diz qual o numero do samu desde ontem,outro,1107
por favor qual o numerro do samu,outro,1108
qual o nmero do samu,outro,1108
qual o numero do samu,outro,1108
uma pergunta qual o numero do samu,outro,1109
uma pegunta qual o numero do samu,outro,1109
uma peergunta qual o numero do samu,outro,1109
horario da vacinacao,outro,1110
horario da vaicnacao,outro,1110
horario da vacinaao,outro,1110
me diz horario da vacincao,outro,1111
me diz horario da vacinacao faz tres dias,outro,1111
me diz horario da vacinacao,outro,1111
uma pergunta horario da vacinacaao,outro,1112
uma pergunta horario da vacinacao,outro,1112
uma pergunta horario da vacinacao desde ontem,outro,1112
posto mais perto de mim,outro,1113
posto mais perto de mim ha uma semana,outro,1113
posto mais preto de mim,outro,1113
me diz opsto mais perto de mim,outro,1114
me diz poosto mais perto de mim,outro,1114
me diz posto mais perto de mim,outro,1114
mapa dos postos ha uma semana,outro,1115
mapa dos postos desde ontem,outro,1115
mapa dos postos,outro,1115
por favor mapa dos postos,outro,1116
por favvor mapa dos postos,outro,1116
por favr mapa dos postos,outro,1116
me diz mapa dos postos,outro,1117
me diz mapa dos opstos,outro,1117
me diz mapa dos posttos,outro,1117
gostaria de saber calendario de vacinacao,outro,1118
doutor gostaria de saber calendario de vacinacao,outro,1118
gostaria de saber calendario de vaciinacao,outro,1118
boa tarde me diz calendaio de vacinacao desde ontem,outro,1119
me diz calenario de vacinacao,outro,1119
me diz calendario de vacinacao,outro,1119
noticias da saude,outro,1120
noticias da saude toda noite,outro,1120
oi noticias da saue,outro,1120
me diz noticias da saude,outro,1121
me diz noticias da sauude,outro,1121
me diz noticias da asude desde ontem,outro,1121
me diz quem desenvolveu esse site,outro,1122
por favor me diz quem desenvolveu esse site,outro,1122
me diz quem desenvolveu esse site desde ontem,outro,1122
uma pergunta quem desenvolveu esse site,outro,1123
uma perunta quem desenvolveu esse site,outro,1123
boa tarde uma pergunta quem desenvolveu esse site,outro,1123
por favor quem desenvolveu esse site,outro,1124
por favor por favor quem desenvolveu esse site,outro,1124
por favor por favor quem desenvolveu esse site desde cedo,outro,1124
como me cadastrar dsde ontem,outro,1125
por favor como me cadastrar,outro,1125
como me cadastrar,outro,1125
gostaria de saber como me cadastrar ha uma semana,outro,1126
gostaria de saber como me cadastrar,outro,1126
boa tarde gostaria de saebr como me cadastrar faz tres dias,outro,1126
me diz como me caadastrar,outro,1127
me diz como me acdastrar,outro,1127
me diz como me cadastrar,outro,1127
me diz onde vejo meu historico de vcinas,outro,1128
me diz onde vejo meu historico de vacinas,outro,1128
me diz onde vejo meu historico de vacinas desde ontem,outro,1128
por favor onde vejo meu historico de avcinas,outro,1129
por favor onde vejo meu historico de vacinas faz dias,outro,1129
por favor onde vejo meu historico de vacinas,outro,1129
boa tarde me diz tem estacionamento no posto,outro,1130
me diz tem estacionamento no posto,outro,1130
oi me diz tem estacionamento no posto faz tres dias,outro,1130
tem estacionamento no psoto,outro,1131
tem estacionamento no posto ha uma semana,outro,1131
tem estacionamento no posto,outro,1131
psoso levar acompanhante,outro,1132
posso levar acompanhante,outro,1132
possso levar acompanhante,outro,1132
por favor posso levar acompanhante,outro,1133
por favor posso levar acompanhnate,outro,1133
por fvor posso levar acompanhante,outro,1133
por favor ehllo,outro,1134
hello desde ontem,outro,1134
hello,outro,1134
me diz hello ha uma semana,outro,1135
me diz hello,outro,1135
por favor me diz hello desde ontem,outro,1135
por favor uma pergunta hello,outro,1136
uma pergunta hllo,outro,1136
uma pergunta hello,outro,1136
uma pergnta tudo bem,outro,1137
doutor uma pergunta tudo bem desde ontem,outro,1137
uma pergunta tudo bem,outro,1137
por favor tudo bem,outro,1138
oi tudo bem desde notem,outro,1138
tudo bem,outro,1138
me diz quero saber sobre a campanha de hpv,outro,1139
me diz quero saber sobre a cmapanha de hpv,outro,1139
me diz quero saber sobre a cammpanha de hpv,outro,1139
gostaria de saber quero saber sobre a campanha de hpv,outro,1140
por favor gostaria de saber quero saber osbre a campanha de hpv faz tres dias,outro,1140
doutor gostaria de sbaer quero saber sobre a campanha de hpv,outro,1140
uma pergunta quero saber sobre a campanha de hpv,outro,1141
uma pergunta quero sbaer sobre a campanha de hpv,outro,1141
uma pegunta quero saber sobre a campanha de hpv,outro,1141
me diz que dia e hoje,outro,1142
oi me diz que dia e hoje,outro,1142
boa tarde me diz que dia e hoje,outro,1142
uma perguna que dia e hoje,outro,1143
uma perguunta que dia e hoje,outro,1143
uma pergunta que dia e hoje,outro,1143
por faor abc123,outro,1144
por favor abc123 toda noite,outro,1144
por favor abc123,outro,1144
boa tarde me diz abc123,outro,1145
boa tarde me diz abc1223,outro,1145
me diz abc123,outro,1145
uma pergunta o site ta lento desde ontem,outro,1146
uma pergunta o site esta lento,outro,1146
uma pergunta o site ta lento ha uma semana,outro,1146
o site esta lento,outro,1147
o site ta elnto faz dias,outro,1147
o site ta lneto,outro,1147
por favor o site esta lento,outro,1148
por favvor o site ta lento ha uma semana,outro,1148
por favor o site ta lento desde ontem,outro,1148
me diz nao consigo entrar,outro,1149
me diz n consigo enrtar,outro,1149
me diz n consigo entrar,outro,1149
por favor nao consigo entrar,outro,1150
por favor por favor nao consigo entrar,outro,1150
por favor nao consigo entrar faz tres dias,outro,1150
uma pergunta n consigo entrar faz tres dias,outro,1151
doutor uma pergunta n consigo entrar,outro,1151
uma pergunta nao consigo entrar,outro,1151
me diz atualizar meus dados,outro,1152
oi me diz atualizar meus ddos,outro,1152
me diz atualizar meus daados,outro,1152
uma pergunta fila do posto esta grande,outro,1153
por favor uma pergunta fila do posto ta grande desde cedo,outro,1153
uma perggunta fila do posto ta grande,outro,1153
fila do posto esta grande,outro,1154
fila do poso ta grande,outro,1154
fila do posto ta grande ha uma semana,outro,1154
meu filho esta convulsionando,urgencia,1155
meu filho esta convulsionando toda noite,urgencia,1155
meu filo ta convulsionando faz dias,urgencia,1155
meu filho tomou os remedios da avo,urgencia,1156
meu filho tomou os ermedios da avo,urgencia,1156
doutor meu filho tomou os remedios da avo,urgencia,1156
meu filho se queimou feio desde ontem,urgencia,1157
meu filho se queimou feio,urgencia,1157
meu fihlo se queimou feio,urgencia,1157
meu filho ta com os labios roxos,urgencia,1158
meu flho esta com os labios roxos,urgencia,1158
meu filho esta com os labios roxos,urgencia,1158
por favor meu filho engoliu uma bala e sufocou,urgencia,1159
meu filho engoliu uma bala e sufocou,urgencia,1159
meu filho engoliu uma bala e sufocou dessde ontem,urgencia,1159
meu filho ta engasgado,urgencia,1160
meu filho ta engasgado desde cedo,urgencia,1160
meu filho esta engasgado,urgencia,1160
minha filha esta mole e nao reage,urgencia,1161
minha filha ta mole e n reage,urgencia,1161
minha filhha ta mole e nao reage,urgencia,1161
minha filhha bebeu querosene,urgencia,1162
minha filha bebeu querosene,urgencia,1162
miinha filha bebeu querosene,urgencia,1162
minha filha esta convulsionando,urgencia,1163
minha filha ta convulsionando,urgencia,1163
minha fiilha ta convulsionando,urgencia,1163
minha filha esta engasgado,urgencia,1164
minha filha esta engasgado faz dias,urgencia,1164
minha filha esta engsagado,urgencia,1164
minha filha n acorda faz tres dias,urgencia,1165
doutor minha filha nao acorda,urgencia,1165
minha filha nao acorda,urgencia,1165
oi minha filha tomou os remedios da avo,urgencia,1166
por favor minha filha tomou os remedios da avo,urgencia,1166
minha filha tomou os remedios da avo,urgencia,1166
o bebe caiu na piscina,urgencia,1167
doutor o bebe caiu na piscina,urgencia,1167
o bebe caiu na pscina,urgencia,1167
o bebe engoliu produto de limpeza faz dias,urgencia,1168
por favor o bebe engoliu produto de limpeza,urgencia,1168
o bebe engoliu produto de limpeza,urgencia,1168
o bebe ta com os labios roxos,urgencia,1169
o bebe esta com os labios roxos,urgencia,1169
o bebe esta com os labios orxos,urgencia,1169
o bebe bebeu querosene toda noite,urgencia,1170
o bebe bebeu querosene,urgencia,1170
o bebe bebbeu querosene,urgencia,1170
o bebe bebeu agua sanitaria,urgencia,1171
o bebe bebeu agua sanitaria faz tres dias,urgencia,1171
por faor o bebe bebeu agua sanitaria,urgencia,1171
o bebe n acrda,urgencia,1172
o bebe nao acorda,urgencia,1172
o bebe nao acorda faz dias,urgencia,1172
a crianca ta convulsionando,urgencia,1173
oi a crianca esta convulsionando,urgencia,1173
a crianca esta convulsionando,urgencia,1173
por favor a crianca tomou veneno faz dias,urgencia,1174
a crianca tomou veneno,urgencia,1174
a crianca tomou veneno ha uma semana,urgencia,1174
oi a crianca desmaiou,urgencia,1175
a crianca desmaiou,urgencia,1175
a crianca desmaiou ha uma semana,urgencia,1175
a crianca engoliu uma pilha ha uma semana,urgencia,1176
a crianca engoliu uma pilha,urgencia,1176
a crianca engoiu uma pilha faz tres dias,urgencia,1176
por favor a criaca ta engasgado desde cedo,urgencia,1177
a crianca esta engasgado,urgencia,1177
boa tarde a crianca esta engasggado faz tres dias,urgencia,1177
a crianca caiu na piscina,urgencia,1178
a rcianca caiu na piscina,urgencia,1178
a crrianca caiu na piscina,urgencia,1178
meu ennem nao acorda,urgencia,1179
meu nenem nao acorda,urgencia,1179
por favor meu nenem n acorda toda noite,urgencia,1179
meu nenem esta covnulsionando,urgencia,1180
meu nenem ta convulsionando,urgencia,1180
meu nenem esta convulsionando,urgencia,1180
boa tarde meu nenem desmaiou,urgencia,1181
boa tarde meu nenem demaiou,urgencia,1181
meu nenem desmaiou,urgencia,1181
meu nenem engoliu uma pilha faz dias,urgencia,1182
meu nenem engoliu uma pilha,urgencia,1182
doutor meu nenem engoliu uma pilha faz tres dias,urgencia,1182
oi meu nenem esta engasgado desde cedo,urgencia,1183
meu nenem ta engassgado toda noite,urgencia,1183
meu nenem esta engasgado,urgencia,1183
meu neneem ta mole e n reage,urgencia,1184
meu nenem esta mole e nao reage,urgencia,1184
boa tarde meu nenem ta mole e nao reage,urgencia,1184
minha bebe bebeu querosene,urgencia,1185
boa tarde minha bebe bebeu querosene,urgencia,1185
minha bebe bebeu querosene ha uma semana,urgencia,1185
minha bebe caiu e bateu a cabeca forte toda noite,urgencia,1186
minha bebe caiu e bateu a cabeca forte,urgencia,1186
boa tarde minha bebe caiu e bateu a cabeca forte,urgencia,1186
oi minha bebe tomou veneno,urgencia,1187
minha bebe tomou veneno,urgencia,1187
boa tarde minha bebe tomou veneno,urgencia,1187
minha bebe bebeu agua sanitria,urgencia,1188
minha bebe bebeu agua sanitaria,urgencia,1188
minha bebe bebeeu agua sanitaria faz dias,urgencia,1188
miha bebe ficou roxo,urgencia,1189
minha bebe ficou roxo,urgencia,1189
mniha bebe ficou roxo,urgencia,1189
minha bebe desmaiou desde cedo,urgencia,1190
minhha bebe desmaiou,urgencia,1190
minha bebe desmaiou,urgencia,1190
meu filho pequeno engoliu uma bala e sufocou faz tres dias,urgencia,1191
meu filho pequeno engoliu uma bala e sufocou,urgencia,1191
meu filho pequeeno engoliu uma bala e sufocou,urgencia,1191
meu filho pequeno engoliu uma pilha ha uma semana,urgencia,1192
meu filho pequeno engoliu uma pilha,urgencia,1192
por favor meu filho pequeno engoliu uma pilha,urgencia,1192
meu filho pequeno bebeu agua sanitaria,urgencia,1193
meu filho pequeno bebeu agua santiaria,urgencia,1193
meu filho pequeno bebeu agua sanitaria faz dias,urgencia,1193
meu filho pequeno tomou os remedios da avo,urgencia,1194
meu filho pequeno toomu os remedios da avo faz dias,urgencia,1194
meu filho pequeno tomou os remedios da avo faz dias,urgencia,1194
meu filho pequeno ifcou roxo faz tres dias,urgencia,1195
meu filho peqqueno ficou roxo,urgencia,1195
meu filho pequeno ficou roxo,urgencia,1195
meu filho pequeno n esta respirando,urgencia,1196
meu filho pequeno nao esta respirando,urgencia,1196
doutor meu filho pequeno nao esta respirando,urgencia,1196
a nenem esta engasgado,urgencia,1197
a nneem esta engasgado,urgencia,1197
a nenem ta enngasgado,urgencia,1197
a nenm ta convulsionando,urgencia,1198
doutor a nenem esta convulsionanddo,urgencia,1198
a nenem esta convulsionando,urgencia,1198
a nenem ta com os labios roxos,urgencia,1199
a nenem esta com os labios roxos,urgencia,1199
oi a ennem esta com os labios roxos,urgencia,1199
boa tarde a nenem tomou veneno,urgencia,1200
a nenem tomou veneno,urgencia,1200
a nenem tomou veneno ha uma semana,urgencia,1200
doutor a neenm se queimou feio,urgencia,1201
a nenem se queimou feio,urgencia,1201
a nenem se queimou feio desde ontem,urgencia,1201
a nenem engloiu uma pilha,urgencia,1202
a nenem engoliu uma pillha desde ontem,urgencia,1202
a nenem engoliu uma pilha,urgencia,1202
por favor picado por escorpiao,urgencia,1203
picado por escorpiao,urgencia,1203
picdo por escorpiao,urgencia,1203
escorpiao me picou faz tres dias,urgencia,1204
escorpiao me picou,urgencia,1204
doutor escoorpiao me picou,urgencia,1204
mordida de cobra,urgencia,1205
mordida de cobra desde ontem,urgencia,1205
mordida de cbra,urgencia,1205
oi cobra me mordeu,urgencia,1206
cobra me mordeu faz tres dias,urgencia,1206
cobra me mordeu,urgencia,1206
picada de aranha mrarom ha uma semana,urgencia,1207
picada de aranha marrom,urgencia,1207
picada de aranha marrom ha uma semana,urgencia,1207
abelha picou e estou inchando todo,urgencia,1208
abelha picou e to inchaando todo ha uma semana,urgencia,1208
abelha picou e to inchando todo,urgencia,1208
fui picado por varias abelhas,urgencia,1209
fui picado por vaarias abelhas,urgencia,1209
fui picado por varias abelhas faz dias,urgencia,1209
cachorro mordeu e esta sagrando mt,urgencia,1210
oi cachorro mordeu e ta sangrando mt,urgencia,1210
cachorro mordeu e esta sangrando muito,urgencia,1210
comi platna venenosa,urgencia,1211
comi palnta venenosa,urgencia,1211
comi planta venenosa,urgencia,1211
bebi veneno por engano toda noite,urgencia,1212
bebi veneno por engano,urgencia,1212
bebi venneo por engano toda noite,urgencia,1212
tenho arde pra urinar,clinico,1213
tenho arde para urinar,clinico,1213
boa tarde tenho arde para urinar faz tres dias,clinico,1213
minha mae esta com arde pra urinar,clinico,1214
minha mae ta com arde para urinar,clinico,1214
minha mae esta com arde para urinar,clinico,1214
to com arde para urinar faz tres dias,clinico,1215
estou com arde pra urinar,clinico,1215
estou com arde para urinar,clinico,1215
faz dias que estou com arde para urinar,clinico,1216
faz dias que to com arde para urinar,clinico,1216
faz dias que to com arde pra urinar,clinico,1216
to com xixi ardendo toda nooite,clinico,1217
to com xixi ardendo,clinico,1217
por favor to com xixi ardendo,clinico,1217
estou com xixi ardendo,clinico,1218
estou com xixi ardeno faz dias,clinico,1218
estou com xixi ardendo ha uma semana,clinico,1218
to sentindo xixi ardendo,clinico,1219
estou sentindo xixi ardendo,clinico,1219
to sentinndo xixi ardendo,clinico,1219
meu pai esta com xixi ardendo,clinico,1220
meu pai esta com xixi ardendo ha uma semana,clinico,1220
meu pai ta com xixi ardendo,clinico,1220
sinto dor ao urinar desde cedo,clinico,1221
sinto dor ao urinar ha uma seamna,clinico,1221
sinto dor ao urinar,clinico,1221
acordi com dor ao urinar,clinico,1222
acordei com dor ao urinar dsde cedo,clinico,1222
acordei com dor ao urinar,clinico,1222
tenho dor ao ruinar,clinico,1223
tenho dor ao urinar,clinico,1223
por favor tenho dor ao urinar,clinico,1223
minha mae ta com dor ao urinr faz dias,clinico,1224
minha mae ta com dor ao urinar,clinico,1224
minha mae esta com dor ao urinar,clinico,1224
eu estou com urina com ardor,clinico,1225
eu to com urina com ardor,clinico,1225
eu estou com urina com adror,clinico,1225
tenho urina com ardor faz dias,clinico,1226
tenho urina com ardor,clinico,1226
tenho urina com arddor,clinico,1226
meu pai ta com urna com ardor,clinico,1227
meu pai ta com urina com ardor,clinico,1227
meu pai esta com urina com ardor,clinico,1227
faz dias que estou com urina com ardor,clinico,1228
faz dias que to com urina com ador faz tres dias,clinico,1228
faz dias que to com urina com ador,clinico,1228
to sentindo dor no joelho quando camminho desde ontem,clinico,1229
estou sentindo dor no joelho quando caminho,clinico,1229
estou sentindo dor no joelho quando caminho faz tres dias,clinico,1229
minha avo esta com dor no joelho quando caminnho,clinico,1230
minha avo esta com dor no joelho quando caminho,clinico,1230
minha avo esta com dor no joelho quanddo caminho,clinico,1230
por favor meu irmao esta com dor no joelho quuando caminho,clinico,1231
meu irmao esta com dor no joelho quando caminho,clinico,1231
meu irmao ta com dor no joelho quando caminho,clinico,1231
meu marido esta com dor no joelho quando caminho desde cedo,clinico,1232
meu marido esta com dor no joelho quando caminho,clinico,1232
meu marido esta com dor no joelho qaundo caminho,clinico,1232
dor na perna quanddo ando,clinico,1233
dor na perna qaundo ando,clinico,1233
dor na perna quando ando,clinico,1233
doutor estou com dor na perna quando ando,clinico,1234
estou com dor na perna quando ando,clinico,1234
por favor esou com dor na perna quando ando desde cedo,clinico,1234
meu marido ta com dor na perna quando ando,clinico,1235
meu marido esta com dor na perna quando ando,clinico,1235
meu maido esta com dor na perna quando ando,clinico,1235
minha esposa ta com dor na pena quando ando,clinico,1236
doutor minha esposa esta com dor na perna quando ando,clinico,1236
minha esposa esta com dor na perna quando ando,clinico,1236
meu irmao esta com dor no quadril ao andar,clinico,1237
meu irmao ta com dor no uqadril ao andar,clinico,1237
meu irmao ta com dor no quadril ao andar,clinico,1237
to com dor no quadril ao andar,clinico,1238
estou com dor no quadril ao andar,clinico,1238
boa tarde to com dor no quadril ao andar,clinico,1238
tneho dor no quadril ao andar,clinico,1239
tenho dor no quadril ao andar,clinico,1239
tnho dor no quadril ao andar desde cedo,clinico,1239
acordei com dor no quaadril ao andar,clinico,1240
acordei com dor no quadril ao andar,clinico,1240
boa tarde acordei com dor no quadril ao adar desde cedo,clinico,1240
minha mae ta com garganta doendo faz dias,clinico,1241
minha mae ta com garganta doendo,clinico,1241
minha mae esta com garganta doendo,clinico,1241
estou sentindo garganta doendo,clinico,1242
oi to sentindo garganta doendo faz dias,clinico,1242
oi estou sentindo garganta doendo ha uma semana,clinico,1242
oi eu to com garganta doendo,clinico,1243
eu to com garganta doeno toda noite,clinico,1243
eu estou com garganta doendo,clinico,1243
sino garganta doendo faz dias,clinico,1244
sinto garganta doendo,clinico,1244
sinto garganta donedo,clinico,1244
sinto doi a garganta pra engolir faz tres dias,clinico,1245
sinto doi a garganta para engolir,clinico,1245
sinto doi a garrganta para engolir desde ontem,clinico,1245
meu irmao ta com doi a garganta pra engolir,clinico,1246
meu irmao esta com doi a garganta para engolir,clinico,1246
boa atrde meu irmao ta com doi a garganta para engolir ha uma semana,clinico,1246
por favor acordei com doi a garganta pra engolir,clinico,1247
acordei com doi a garganta pra engolir,clinico,1247
acordei com doi a garganta para engolir,clinico,1247
estou sentindo doi a garganta pra engolir,clinico,1248
estou sentindo doi a garganta para engolir,clinico,1248
to sentindo doi a garganta para engolir,clinico,1248
estou com check up geral com pressao normal,clinico,1249
to com check up geral com pressao normal,clinico,1249
estou com check up geral com presao normal,clinico,1249
meu pai ta com check up geral com pressao normal,clinico,1250
meu pai esta com check up geral com pressao normal,clinico,1250
meu pai ta com check up geral com pressao normal faz tres dias,clinico,1250
estu sentindo check up geral com pressao normal faz tres dias,clinico,1251
boa tarde to sentindo check up geral com pressao normal desde cedo,clinico,1251
estou sentindo check up geral com pressao normal,clinico,1251
minha avo ta com check up geral com pressao norml,clinico,1252
minha avo ta com check up geral com pressao normal,clinico,1252
minha avo esta com check up geral com pressao normal,clinico,1252
meu pai ta com exame gral de saude,clinico,1253
meu pai esta com exame geral de saude,clinico,1253
meu pai ta com exame geral de saude,clinico,1253
acordei com exame geral de saude faz dias,clinico,1254
acordei com exame geral de saude,clinico,1254
acordei com eame geral de saude,clinico,1254
odutor to com exame geral de saude,clinico,1255
to com exame geral de saude,clinico,1255
to com eame geral de saude,clinico,1255
minha esposa esta com exame geral de saude,clinico,1256
minha esposa ta com exame geral de asude,clinico,1256
miha esposa ta com exame geral de saude,clinico,1256
tenho dificuldade para dormir,clinico,1257
tenho dificuldade pra dormir desde ontem,clinico,1257
tenho dificuldade pra drmir,clinico,1257
nao consigo pegar no sono,clinico,1258
n consiggo pegar no sono toda noite,clinico,1258
dutor n consigo pegar no sono,clinico,1258
acordo varias vezes a noite,clinico,1259
boa tarde acordo varias vezes a noite toda noite,clinico,1259
acordo varias vzes a noite faz dias,clinico,1259
nao consigo parar de esprrar,clinico,1260
nao consigo parar de espirrar,clinico,1260
n consigo parar de espirar,clinico,1260
nao consigo emagrecer,clinico,1261
n consigo eagrecer,clinico,1261
n cosigo emagrecer,clinico,1261
nao durmo bem faz tempo,clinico,1262
nao drmo bem faz tempo,clinico,1262
nao durmo bem faz tempo toda noiite,clinico,1262
muito obrigado,outro,1263
mt obrigado faz tres dias,outro,1263
mt obrigado,outro,1263
agradeco a ajuda ha uma semana,outro,1264
por favor agradeco a ajuda,outro,1264
agradeco a ajuda,outro,1264
preciso de ajuda com o cadastro,outro,1265
oi preciso de jauda com o cadastro,outro,1265
precisso de ajuda com o cadastro,outro,1265
ajuda para usar o site,outro,1266
ajuda para usar o site faz tres dias,outro,1266
ajuda pra usar o site,outro,1266
por favor obrigado pela atencao,outro,1267
obrigado pela atencao,outro,1267
por favor obrigado pela atencao faz tres dias,outro,1267
valeu pela informacao,outro,1268
boa tarde valu pela informacao,outro,1268
valeu pela informacao faz dias,outro,1268
me ajuda a achar o posto,outro,1269
me ajuda a achar o posto toda noite,outro,1269
boa tarde me ajuda a achar o posto desde ontem,outro,1269
ajuda com a senha,outro,1270
ajuda com a sena,outro,1270
odutor ajuda com a senha,outro,1270
minha esposa esta com caroco no peito,gineco,1271
oi minha esposa esta com caroco no peito,gineco,1271
minha esposa esta com caroco no peeito,gineco,1271
caroco no peito,gineco,1272
doutor caroco no peito faz tres dias,gineco,1272
caroco no peto,gineco,1272
tenho caroco no peito,gineco,1273
tenho acroco no peito,gineco,1273
tehno caroco no peito,gineco,1273
sinto caroco no peito,gineco,1274
sinto caroco no peito faz tres dias,gineco,1274
por favor sinto caroco no peio,gineco,1274
faz um mes que estou com bolinha no seio,gineco,1275
faz um mes que to com bolinha no seio,gineco,1275
oi faz um mes que estou com bolinha no seio faz dias,gineco,1275
minha esposa ta com bolinha no seio,gineco,1276
minha esposa esta com bolinha no seio,gineco,1276
por favor minha esposa esta com bolinha no seio,gineco,1276
douor bolinha no seio,gineco,1277
bolinha no seio,gineco,1277
boinha no seio,gineco,1277
estou com bolinha no seio,gineco,1278
to com boilnha no seio,gineco,1278
to com bolinha no seio,gineco,1278
por faavor minha filha adolescente ta com nodulo no peito toda noite,gineco,1279
minha filha adolescente esta com nodulo no peito,gineco,1279
minha filha adolescente esta com nodulo no peitto,gineco,1279
tenho nodulo no peito,gineco,1280
tennho nodulo no peito,gineco,1280
tenho noudlo no peito faz dias,gineco,1280
nodulo no peio ha uma semana,gineco,1281
nodulo no peito,gineco,1281
nodulo no peito ha uma semana,gineco,1281
doutor estou tendo nodulo no peito,gineco,1282
to tendo ndulo no peito,gineco,1282
estou tendo nodulo no peito,gineco,1282
faz um mes que estou com achei uma bolinha na mama,gineco,1283
faz um mes que to com achei uma boolinha na mama,gineco,1283
oi faz um mes que to com achei uma bolinha na mama toda noite,gineco,1283
minha esposa ta com achei uma bolinha na mama,gineco,1284
minha esposa esta com achei uma boliinha na mama,gineco,1284
minha esposa esta com achei uma bolinha na mama,gineco,1284
achei uma bolinha na mama faz dias,gineco,1285
achei uma bolinha na mama,gineco,1285
achei uma boolinha na mama,gineco,1285
minha filha adolescente esta com achei uma bolinha na mama toda noite,gineco,1286
minha filha adolescente esta com achei uma bolinha na mama,gineco,1286
minha filha adolescente ta com achei uma bolinha na mama,gineco,1286
to com sangramento fora do periodo,gineco,1287
to com sangramento fora do perioddo,gineco,1287
doutor to com sangramento fora do periodo,gineco,1287
tenho asngramento fora do periodo,gineco,1288
tenhho sangramento fora do periodo,gineco,1288
tenho sangramento fora do periodo,gineco,1288
sangramento fora do periodo ha uma semana,gineco,1289
sangramento fora do periodo faz dias,gineco,1289
sangramento fora do periodo,gineco,1289
oi estou tendo sangramento fora do periodo,gineco,1290
doutor estou tendo sangramento fora do periodo,gineco,1290
estou tendo sangramento fora do periodo,gineco,1290
to com sangrando fora do ciclo,gineco,1291
doutor to com sangrando fora do ciclo,gineco,1291
to com sagrando fora do ciclo,gineco,1291
to com sangranddo fora do ciclo,gineco,1292
estou com sangrando fora do ciclo,gineco,1292
sinto snagrando fora do ciclo,gineco,1293
sinto sangrando fora do ciclo,gineco,1293
sinto sangrando fora do ccilo,gineco,1293
faz um mes que estou com sangrando fora do ciclo,gineco,1294
doutor faz um mes que to com sangrando fora do ciclo desde cedo,gineco,1294
faz um mes que to com sangrando fora do ciclo,gineco,1294
faz um mes que esou com escape menstrual,gineco,1295
faz um mes que estou com escape menstrual,gineco,1295
faz um mes que to com escape menstrual,gineco,1295
escape menstrual desde cedo,gineco,1296
escape menstrual,gineco,1296
doutr escape menstrual,gineco,1296
minha filha adolescente esta com escape menstrual,gineco,1297
por favor minha filha adolescente esta com escape menstrual,gineco,1297
minha filha adolescente ta com escape emnstrual,gineco,1297
minha esposa esta com escape menstrual,gineco,1298
minha esposa ta com escape menstrual,gineco,1298
oi minha esposa ta com escape menstrual,gineco,1298
doutor sinto sangramento etnre as menstruacoes,gineco,1299
sinto sangramento entre as menstruacoes,gineco,1299
sinto sangramento entre as mnstruacoes,gineco,1299
sangramento entre as menstruacoes,gineco,1300
sangraamento entre as menstruacoes,gineco,1300
sangramento entre as emnstruacoes,gineco,1300
minha filha adolescente esta com sangramento entre as menstruacoes,gineco,1301
minha fliha adolescente ta com sangramento entre as menstruacoes,gineco,1301
minha fiha adolescente esta com sangramento entre as menstruacoes,gineco,1301
por favor to com sangramento entre as menstruacoes,gineco,1302
estou com sangramento entre as menstruacoes,gineco,1302
to com sangramento entre as menstruacoes,gineco,1302
sinto peito dolorido perto da menstruacao desde ontem,gineco,1303
sinto peito dolorido perto da menstruacao,gineco,1303
boa tarde sinto peito dolorido petro da menstruacao toda noite,gineco,1303
por favor minha filha adolescente ta com peito dolorido perto da menstruacao,gineco,1304
minha filha adolescente esta com peito dolorido perto da menstruacao,gineco,1304
minha filha adolescente ta com peito dolorido perto da menstruacao,gineco,1304
oi miinha esposa esta com peito dolorido perto da menstruacao,gineco,1305
minha esposa esta com peito dolorido perto da menstruacao,gineco,1305
minha espossa esta com peito dolorido perto da menstruacao,gineco,1305
doutor peito dolorido perto da menstruacao,gineco,1306
oi peito dolorido eprto da menstruacao desde ontem,gineco,1306
peito dolorido perto da menstruacao,gineco,1306
acho que tehno carie,dentista,1307
por favor acho que tenho carie toda noite,dentista,1307
acho que tenho carie,dentista,1307
carie doendo,dentista,1308
caie doendo,dentista,1308
carrie doendo,dentista,1308
carie no dente de tras faz dias,dentista,1309
carie no dente de tras,dentista,1309
craie no dente de tras,dentista,1309
fazer eletro,cardio,1310
doutor fazer eletro,cardio,1310
faezr eletro,cardio,1310
exame eletro do coracao,cardio,1311
exae eletro do coracao,cardio,1311
oi exame eletro do coracao,cardio,1311
pdir um eletro,cardio,1312
pedir um eletro,cardio,1312
pedir um eletro faz dias,cardio,1312
afzer eco do coracao,cardio,1313
fazer eco do coracaao,cardio,1313
fazer eco do coracao,cardio,1313
